root_folder	parent_chain	rel_path	filename	stem	ext	bytes	modified	format	samplerate	bits	channels	duration_s	duration_band	category	confidence	machine	instrument	descriptor	series_root	series_index	series_size	bpm	reasons	notes
Argyph'd	Argyph'd	Au fond, qui sait, c’est peut-être plus heureux.aif	Au fond, qui sait, c’est peut-être plus heureux.aif	Au fond, qui sait, c’est peut-être plus heureux	.aif	92093296	2024-01-13	AIFF	48000	24	2	319.754	G >5m	LONG-SESSION	medium								over five minutes	
Argyph'd	Argyph'd	Spline Abstractions.aif	Spline Abstractions.aif	Spline Abstractions	.aif	5247552	2024-01-13	AIFF	44100	16	2	29.725	D 8-30s	SAMPLE	low								29.7s, untyped	
Argyph'd	Argyph'd	heliogobbleus terrorgammons.aif	heliogobbleus terrorgammons.aif	heliogobbleus terrorgammons	.aif	5247612	2024-01-13	AIFF	44100	16	2	29.725	D 8-30s	SAMPLE	low								29.7s, untyped	
Argyph'd	Argyph'd	nothing that can so effectively as a kiss evoke.aif	nothing that can so effectively as a kiss evoke.aif	nothing that can so effectively as a kiss evoke	.aif	5247612	2024-01-13	AIFF	44100	16	2	29.725	D 8-30s	SAMPLE	low								29.7s, untyped	
Argyph'd	Argyph'd	these strange thoughts that are making you so miserable.aif	these strange thoughts that are making you so miserable.aif	these strange thoughts that are making you so miserable	.aif	5247612	2024-01-13	AIFF	44100	16	2	29.725	D 8-30s	SAMPLE	low								29.7s, untyped	
Argyph'd	Argyph'd	vercingetorix(ͱ).aif	vercingetorix(ͱ).aif	vercingetorix(ͱ)	.aif	5247552	2024-01-13	AIFF	44100	16	2	29.725	D 8-30s	SAMPLE	low								29.7s, untyped	
Argyph'd	Argyph'd	ᛦᛊ      ᚽᚢᛕᛁ.aif	ᛦᛊ      ᚽᚢᛕᛁ.aif	ᛦᛊ      ᚽᚢᛕᛁ	.aif	4657004	2024-01-13	AIFF	44100	16	2	26.377	D 8-30s	SAMPLE	low								26.4s, untyped	
Even More Da Heat	Even More Da Heat	aahh.wav	aahh.wav	aahh	.wav	78492	2023-05-16	WAV	48000	16	1	0.816	A <1s	ONE-SHOT	low								0.82s, untyped	
Even More Da Heat	Even More Da Heat	aarumph.wav	aarumph.wav	aarumph	.wav	159258	2023-05-16	WAV	48000	16	1	1.657	B 1-2.5s	SAMPLE-SHORT	low								1.7s, untyped	
Even More Da Heat	Even More Da Heat	art fall.wav	art fall.wav	art fall	.wav	158082	2023-05-16	WAV	48000	16	1	1.645	B 1-2.5s	FX	medium								fx keyword	
Even More Da Heat	Even More Da Heat	atmospheric drone 1 granular-pitched 2026-08-09 202901.wav	atmospheric drone 1 granular-pitched 2026-08-09 202901.wav	atmospheric drone 1 granular-pitched 2026-08-09 202901	.wav	1274924	2026-08-09	WAV	48000	24	2	4.427	C 2.5-8s	SAMPLE-SHORT	low								4.4s, untyped	
Even More Da Heat	Even More Da Heat	atmospheric drone 1.wav	atmospheric drone 1.wav	atmospheric drone 1	.wav	423864	2023-05-16	WAV	48000	16	1	4.413	C 2.5-8s	SAMPLE-SHORT	low								4.4s, untyped	
Even More Da Heat	Even More Da Heat	b 1.wav	b 1.wav	b 1	.wav	96582	2023-05-16	WAV	48000	16	1	1.004	B 1-2.5s	CHOP	medium				b	1	3		numbered series "b" (1 of 3), no drum token	
Even More Da Heat	Even More Da Heat	b 2.wav	b 2.wav	b 2	.wav	95258	2023-05-16	WAV	48000	16	1	0.990	A <1s	CHOP	medium				b	2	3		numbered series "b" (2 of 3), no drum token	
Even More Da Heat	Even More Da Heat	b 3.wav	b 3.wav	b 3	.wav	253300	2023-05-16	WAV	48000	16	1	2.637	C 2.5-8s	CHOP	medium				b	3	3		numbered series "b" (3 of 3), no drum token	
Even More Da Heat	Even More Da Heat	big meters 1.wav	big meters 1.wav	big meters 1	.wav	2322042	2023-05-16	WAV	48000	16	1	24.186	D 8-30s	SAMPLE	low								24.2s, untyped	
Even More Da Heat	Even More Da Heat	big vox.wav	big vox.wav	big vox	.wav	352628	2023-05-16	WAV	48000	16	1	3.671	C 2.5-8s	VOCAL	medium		Vocal						instrument token Vocal	
Even More Da Heat	Even More Da Heat	blurb 1.wav	blurb 1.wav	blurb 1	.wav	75220	2023-05-16	WAV	48000	16	1	0.782	A <1s	ONE-SHOT	low								0.78s, untyped	
Even More Da Heat	Even More Da Heat	bottom heavy atmos.wav	bottom heavy atmos.wav	bottom heavy atmos	.wav	565384	2023-05-16	WAV	48000	16	1	5.888	C 2.5-8s	SAMPLE-SHORT	low								5.9s, untyped	
Even More Da Heat	Even More Da Heat	cliper 1.wav	cliper 1.wav	cliper 1	.wav	644	2023-05-16	WAV	48000	16	1	0.005	A <1s	ONE-SHOT	low								0.00s, untyped	
Even More Da Heat	Even More Da Heat	drum groove.wav	drum groove.wav	drum groove	.wav	64294	2023-05-16	WAV	48000	16	1	0.668	A <1s	LOOP	medium								loop keyword or bpm	
Even More Da Heat	Even More Da Heat	eeaaahh.wav	eeaaahh.wav	eeaaahh	.wav	237844	2023-05-16	WAV	48000	16	1	2.476	B 1-2.5s	SAMPLE-SHORT	low								2.5s, untyped	
Even More Da Heat	Even More Da Heat	fla bon 1.wav	fla bon 1.wav	fla bon 1	.wav	45634	2023-05-16	WAV	48000	16	1	0.474	A <1s	ONE-SHOT	low				fla bon	1	2		0.47s, untyped	
Even More Da Heat	Even More Da Heat	fla bon 2.wav	fla bon 2.wav	fla bon 2	.wav	45634	2023-05-16	WAV	48000	16	1	0.474	A <1s	ONE-SHOT	low				fla bon	2	2		0.47s, untyped	
Even More Da Heat	Even More Da Heat	fla pt 1.wav	fla pt 1.wav	fla pt 1	.wav	103644	2023-05-16	WAV	48000	16	1	1.078	B 1-2.5s	CHOP	medium				fla pt	1	12		numbered series "fla pt" (1 of 12), no drum token	
Even More Da Heat	Even More Da Heat	fla pt 10.wav	fla pt 10.wav	fla pt 10	.wav	103644	2023-05-16	WAV	48000	16	1	1.078	B 1-2.5s	CHOP	medium				fla pt	10	12		numbered series "fla pt" (10 of 12), no drum token	
Even More Da Heat	Even More Da Heat	fla pt 11.wav	fla pt 11.wav	fla pt 11	.wav	103644	2023-05-16	WAV	48000	16	1	1.078	B 1-2.5s	CHOP	medium				fla pt	11	12		numbered series "fla pt" (11 of 12), no drum token	
Even More Da Heat	Even More Da Heat	fla pt 12.wav	fla pt 12.wav	fla pt 12	.wav	103644	2023-05-16	WAV	48000	16	1	1.078	B 1-2.5s	CHOP	medium				fla pt	12	12		numbered series "fla pt" (12 of 12), no drum token	
Even More Da Heat	Even More Da Heat	fla pt 2.wav	fla pt 2.wav	fla pt 2	.wav	103644	2023-05-16	WAV	48000	16	1	1.078	B 1-2.5s	CHOP	medium				fla pt	2	12		numbered series "fla pt" (2 of 12), no drum token	
Even More Da Heat	Even More Da Heat	fla pt 3.wav	fla pt 3.wav	fla pt 3	.wav	103644	2023-05-16	WAV	48000	16	1	1.078	B 1-2.5s	CHOP	medium				fla pt	3	12		numbered series "fla pt" (3 of 12), no drum token	
Even More Da Heat	Even More Da Heat	fla pt 4.wav	fla pt 4.wav	fla pt 4	.wav	103644	2023-05-16	WAV	48000	16	1	1.078	B 1-2.5s	CHOP	medium				fla pt	4	12		numbered series "fla pt" (4 of 12), no drum token	
Even More Da Heat	Even More Da Heat	fla pt 5.wav	fla pt 5.wav	fla pt 5	.wav	103644	2023-05-16	WAV	48000	16	1	1.078	B 1-2.5s	CHOP	medium				fla pt	5	12		numbered series "fla pt" (5 of 12), no drum token	
Even More Da Heat	Even More Da Heat	fla pt 6.wav	fla pt 6.wav	fla pt 6	.wav	103644	2023-05-16	WAV	48000	16	1	1.078	B 1-2.5s	CHOP	medium				fla pt	6	12		numbered series "fla pt" (6 of 12), no drum token	
Even More Da Heat	Even More Da Heat	fla pt 7.wav	fla pt 7.wav	fla pt 7	.wav	103644	2023-05-16	WAV	48000	16	1	1.078	B 1-2.5s	CHOP	medium				fla pt	7	12		numbered series "fla pt" (7 of 12), no drum token	
Even More Da Heat	Even More Da Heat	fla pt 8.wav	fla pt 8.wav	fla pt 8	.wav	103644	2023-05-16	WAV	48000	16	1	1.078	B 1-2.5s	CHOP	medium				fla pt	8	12		numbered series "fla pt" (8 of 12), no drum token	
Even More Da Heat	Even More Da Heat	fla pt 9.wav	fla pt 9.wav	fla pt 9	.wav	103644	2023-05-16	WAV	48000	16	1	1.078	B 1-2.5s	CHOP	medium				fla pt	9	12		numbered series "fla pt" (9 of 12), no drum token	
Even More Da Heat	Even More Da Heat	flange loop.wav	flange loop.wav	flange loop	.wav	90730	2023-05-16	WAV	48000	16	1	0.943	A <1s	LOOP	medium								loop keyword or bpm	
Even More Da Heat	Even More Da Heat	flanged 2.wav	flanged 2.wav	flanged 2	.wav	180532	2023-05-16	WAV	48000	16	1	1.879	B 1-2.5s	SAMPLE-SHORT	low				flanged	2	2		1.9s, untyped	
Even More Da Heat	Even More Da Heat	flanged 3.wav	flanged 3.wav	flanged 3	.wav	90574	2023-05-16	WAV	48000	16	1	0.942	A <1s	ONE-SHOT	low				flanged	3	2		0.94s, untyped	
Even More Da Heat	Even More Da Heat	flanged?.wav	flanged?.wav	flanged?	.wav	5056178	2023-05-16	WAV	48000	16	1	52.667	E 30-90s	SECTION-BED	low								53s, untyped	
Even More Da Heat	Even More Da Heat	hat 90 1.wav	hat 90 1.wav	hat 90 1	.wav	21040	2023-05-16	WAV	48000	16	1	0.217	A <1s	DRUM-ONESHOT	medium		Hat						instrument token Hat; drum token at 0.22s	
Even More Da Heat	Even More Da Heat	horn delays.wav	horn delays.wav	horn delays	.wav	158436	2023-05-16	WAV	48000	16	1	1.649	B 1-2.5s	TONAL-HIT	low		Orchestral						instrument token Orchestral; instrument token at 1.6s	
Even More Da Heat	Even More Da Heat	jazz loop.wav	jazz loop.wav	jazz loop	.wav	460616	2023-05-16	WAV	48000	16	1	4.796	C 2.5-8s	LOOP	medium								loop keyword or bpm	
Even More Da Heat	Even More Da Heat	kick 1.wav	kick 1.wav	kick 1	.wav	19030	2023-05-16	WAV	48000	16	1	0.196	A <1s	DRUM-ONESHOT	medium		Kick		kick	1	2		instrument token Kick; drum token at 0.20s; numbered, but drum token wins	
Even More Da Heat	Even More Da Heat	kick 2.wav	kick 2.wav	kick 2	.wav	27976	2023-05-16	WAV	48000	16	1	0.290	A <1s	DRUM-ONESHOT	medium		Kick		kick	2	2		instrument token Kick; drum token at 0.29s; numbered, but drum token wins	
Even More Da Heat	Even More Da Heat	kick 909 1?.wav	kick 909 1?.wav	kick 909 1?	.wav	23212	2023-05-16	WAV	48000	16	1	0.240	A <1s	DRUM-ONESHOT	high	TR-909	Kick						machine TR-909 in name; instrument token Kick; drum token at 0.24s	
Even More Da Heat	Even More Da Heat	kick hat loop.wav	kick hat loop.wav	kick hat loop	.wav	46122	2023-05-16	WAV	48000	16	1	0.479	A <1s	DRUM-ONESHOT	medium		Kick						instrument token Kick; drum token at 0.48s	
Even More Da Heat	Even More Da Heat	music exzpmle 1.wav	music exzpmle 1.wav	music exzpmle 1	.wav	132212	2023-05-16	WAV	48000	16	1	1.375	B 1-2.5s	SAMPLE-SHORT	low								1.4s, untyped	
Even More Da Heat	Even More Da Heat	phased voice.wav	phased voice.wav	phased voice	.wav	551944	2023-05-16	WAV	48000	16	1	5.748	C 2.5-8s	VOCAL	medium		Vocal						instrument token Vocal	
Even More Da Heat	Even More Da Heat	rev creeper.wav	rev creeper.wav	rev creeper	.wav	187384	2023-05-16	WAV	48000	16	1	1.950	B 1-2.5s	SAMPLE-SHORT	low								2.0s, untyped	
Even More Da Heat	Even More Da Heat	sample and hold.wav	sample and hold.wav	sample and hold	.wav	198834	2023-05-16	WAV	48000	16	1	2.069	B 1-2.5s	SAMPLE-SHORT	low								2.1s, untyped	
Even More Da Heat	Even More Da Heat	scow wag.wav	scow wag.wav	scow wag	.wav	194246	2023-05-16	WAV	48000	16	1	2.022	B 1-2.5s	SAMPLE-SHORT	low								2.0s, untyped	
Even More Da Heat	Even More Da Heat	search for.wav	search for.wav	search for	.wav	144704	2023-05-16	WAV	48000	16	1	1.506	B 1-2.5s	SAMPLE-SHORT	low								1.5s, untyped	
Even More Da Heat	Even More Da Heat	snare 1.wav	snare 1.wav	snare 1	.wav	32750	2023-05-16	WAV	48000	16	1	0.339	A <1s	DRUM-ONESHOT	medium		Snare		snare	1	5		instrument token Snare; drum token at 0.34s; numbered, but drum token wins	
Even More Da Heat	Even More Da Heat	snare 2.wav	snare 2.wav	snare 2	.wav	10200	2023-05-16	WAV	48000	16	1	0.104	A <1s	DRUM-ONESHOT	medium		Snare		snare	2	5		instrument token Snare; drum token at 0.10s; numbered, but drum token wins	
Even More Da Heat	Even More Da Heat	snare 3.wav	snare 3.wav	snare 3	.wav	20866	2023-05-16	WAV	48000	16	1	0.216	A <1s	DRUM-ONESHOT	medium		Snare		snare	3	5		instrument token Snare; drum token at 0.22s; numbered, but drum token wins	
Even More Da Heat	Even More Da Heat	snare 4.wav	snare 4.wav	snare 4	.wav	30296	2023-05-16	WAV	48000	16	1	0.314	A <1s	DRUM-ONESHOT	medium		Snare		snare	4	5		instrument token Snare; drum token at 0.31s; numbered, but drum token wins	
Even More Da Heat	Even More Da Heat	snare 5.wav	snare 5.wav	snare 5	.wav	11500	2023-05-16	WAV	48000	16	1	0.118	A <1s	DRUM-ONESHOT	medium		Snare		snare	5	5		instrument token Snare; drum token at 0.12s; numbered, but drum token wins	
Even More Da Heat	Even More Da Heat	static loop.wav	static loop.wav	static loop	.wav	145960	2023-05-16	WAV	48000	16	1	1.519	B 1-2.5s	LOOP	medium								loop keyword or bpm	
Even More Da Heat	Even More Da Heat	swell 1.wav	swell 1.wav	swell 1	.wav	289148	2023-05-16	WAV	48000	16	1	3.010	C 2.5-8s	CHOP	medium				swell	1	7		numbered series "swell" (1 of 7), no drum token	
Even More Da Heat	Even More Da Heat	swell 2.wav	swell 2.wav	swell 2	.wav	533670	2023-05-16	WAV	48000	16	1	5.557	C 2.5-8s	CHOP	medium				swell	2	7		numbered series "swell" (2 of 7), no drum token	
Even More Da Heat	Even More Da Heat	swell 3.wav	swell 3.wav	swell 3	.wav	209164	2023-05-16	WAV	48000	16	1	2.177	B 1-2.5s	CHOP	medium				swell	3	7		numbered series "swell" (3 of 7), no drum token	
Even More Da Heat	Even More Da Heat	swell 4.wav	swell 4.wav	swell 4	.wav	419674	2023-05-16	WAV	48000	16	1	4.370	C 2.5-8s	CHOP	medium				swell	4	7		numbered series "swell" (4 of 7), no drum token	
Even More Da Heat	Even More Da Heat	swell 5.wav	swell 5.wav	swell 5	.wav	454160	2023-05-16	WAV	48000	16	1	4.729	C 2.5-8s	CHOP	medium				swell	5	7		numbered series "swell" (5 of 7), no drum token	
Even More Da Heat	Even More Da Heat	swell 6.wav	swell 6.wav	swell 6	.wav	383282	2023-05-16	WAV	48000	16	1	3.991	C 2.5-8s	CHOP	medium				swell	6	7		numbered series "swell" (6 of 7), no drum token	
Even More Da Heat	Even More Da Heat	swell 7.wav	swell 7.wav	swell 7	.wav	336770	2023-05-16	WAV	48000	16	1	3.506	C 2.5-8s	CHOP	medium				swell	7	7		numbered series "swell" (7 of 7), no drum token	
Even More Da Heat	Even More Da Heat	t'cum.wav	t'cum.wav	t'cum	.wav	26060	2023-05-16	WAV	48000	16	1	0.270	A <1s	ONE-SHOT	low								0.27s, untyped	
Even More Da Heat	Even More Da Heat	technology.wav	technology.wav	technology	.wav	82128	2023-05-16	WAV	48000	16	1	0.854	A <1s	ONE-SHOT	low								0.85s, untyped	
Even More Da Heat	Even More Da Heat	the fundamenmtal.wav	the fundamenmtal.wav	the fundamenmtal	.wav	442704	2023-05-16	WAV	48000	16	1	4.610	C 2.5-8s	SAMPLE-SHORT	low								4.6s, untyped	
Even More Da Heat	Even More Da Heat	thing l.wav	thing l.wav	thing l	.wav	21226	2023-05-16	WAV	48000	16	1	0.219	A <1s	ONE-SHOT	low								0.22s, untyped	
Even More Da Heat	Even More Da Heat	thing rt.wav	thing rt.wav	thing rt	.wav	21184	2023-05-16	WAV	48000	16	1	0.219	A <1s	ONE-SHOT	low								0.22s, untyped	
Even More Da Heat	Even More Da Heat	vox 1.wav	vox 1.wav	vox 1	.wav	179588	2023-05-16	WAV	48000	16	1	1.869	B 1-2.5s	VOCAL	medium		Vocal						instrument token Vocal	
Even More Da Heat	Even More Da Heat	vox warble 32000.wav	vox warble 32000.wav	vox warble 32000	.wav	383902	2023-05-16	WAV	48000	16	1	3.997	C 2.5-8s	VOCAL	medium		Vocal						instrument token Vocal	
Even More Da Heat	Even More Da Heat	vox warble.wav	vox warble.wav	vox warble	.wav	383958	2023-05-16	WAV	48000	16	1	3.998	C 2.5-8s	VOCAL	medium		Vocal						instrument token Vocal	
From Digitakt	From Digitakt	Dub'dUp Afternoon.wav	Dub'dUp Afternoon.wav	Dub'dUp Afternoon	.wav	768232	2023-05-16	WAV	48000	16	1	8.001	D 8-30s	SAMPLE	low								8.0s, untyped	
From Digitakt	From Digitakt	Dub'dUpAfternoonT4.000.wav	Dub'dUpAfternoonT4.000.wav	Dub'dUpAfternoonT4.000	.wav	3073008	2023-05-16	WAV	48000	16	1	32.009	E 30-90s	SECTION-BED	low								32s, untyped	
From Digitakt	From Digitakt	all_over_snares.wav	all_over_snares.wav	all_over_snares	.wav	768154	2023-05-16	WAV	48000	16	1	8.000	C 2.5-8s	SAMPLE-SHORT	low								8.0s, untyped	
From Digitakt	From Digitakt	atmos.wav	atmos.wav	atmos	.wav	3404146	2023-05-16	WAV	48000	16	1	35.458	E 30-90s	PAD-BED	medium								pad keyword and sustained	
From Digitakt	From Digitakt	bassy loop.wav	bassy loop.wav	bassy loop	.wav	535542	2023-05-16	WAV	48000	16	1	5.577	C 2.5-8s	LOOP	medium								loop keyword or bpm	
From Digitakt	From Digitakt	busy_hiss.wav	busy_hiss.wav	busy_hiss	.wav	768070	2023-05-16	WAV	48000	16	1	7.999	C 2.5-8s	SAMPLE-SHORT	low								8.0s, untyped	
From Digitakt	From Digitakt	degraded 1st power.wav	degraded 1st power.wav	degraded 1st power	.wav	384162	2023-05-16	WAV	48000	16	1	4.000	C 2.5-8s	SAMPLE-SHORT	low								4.0s, untyped	
From Digitakt	From Digitakt	dub'd, delay'd power'd spread.wav	dub'd, delay'd power'd spread.wav	dub'd, delay'd power'd spread	.wav	1536496	2023-05-16	WAV	48000	16	1	16.003	D 8-30s	SAMPLE	low								16.0s, untyped	
From Digitakt	From Digitakt	hifilterT51.200.wav	hifilterT51.200.wav	hifilterT51.200	.wav	9827230	2023-05-16	WAV	48000	16	1	102.365	F 90s-5m	SONG?	low								90s to 5m with no keyword	
From Digitakt	From Digitakt	kicking_loop.wav	kicking_loop.wav	kicking_loop	.wav	384258	2023-05-16	WAV	48000	16	1	4.001	C 2.5-8s	LOOP	medium								loop keyword or bpm	
From Digitakt	From Digitakt	minimal_hat&snamre.wav	minimal_hat&snamre.wav	minimal_hat&snamre	.wav	768154	2023-05-16	WAV	48000	16	1	8.000	C 2.5-8s	DRUM-HIT-LONG	low		Hat						instrument token Hat; drum token at 8.0s	
From Digitakt	From Digitakt	minimal_hiss.wav	minimal_hiss.wav	minimal_hiss	.wav	768208	2023-05-16	WAV	48000	16	1	8.000	D 8-30s	SAMPLE	low								8.0s, untyped	
From Digitakt	From Digitakt	more_busy_beat.wav	more_busy_beat.wav	more_busy_beat	.wav	768184	2023-05-16	WAV	48000	16	1	8.000	D 8-30s	LOOP	medium								loop keyword or bpm	
From Digitakt	From Digitakt	power'd afternoon.wav	power'd afternoon.wav	power'd afternoon	.wav	768134	2023-05-16	WAV	48000	16	1	8.000	C 2.5-8s	SAMPLE-SHORT	low								8.0s, untyped	
From Digitakt	From Digitakt	reicky_stop_bass.edit.wav	reicky_stop_bass.edit.wav	reicky_stop_bass.edit	.wav	768278	2023-05-16	WAV	48000	16	1	8.001	D 8-30s	SAMPLE	low		Bass						instrument token Bass; 8.0s, untyped	
From Digitakt	From Digitakt	reicky_stop_bass.wav	reicky_stop_bass.wav	reicky_stop_bass	.wav	768278	2023-05-16	WAV	48000	16	1	8.001	D 8-30s	SAMPLE	low		Bass						instrument token Bass; 8.0s, untyped	
From Digitakt	From Digitakt	saturday - degrade.wav	saturday - degrade.wav	saturday - degrade	.wav	384036	2023-05-16	WAV	48000	16	1	3.999	C 2.5-8s	SAMPLE-SHORT	low								4.0s, untyped	
From Digitakt	From Digitakt	saturday - ripped.2.wav	saturday - ripped.2.wav	saturday - ripped.2	.wav	771132	2023-05-16	WAV	48000	16	1	8.031	D 8-30s	SAMPLE	low								8.0s, untyped	
From Digitakt	From Digitakt	saturday - slo.wav	saturday - slo.wav	saturday - slo	.wav	173456	2023-05-16	WAV	48000	16	1	1.805	B 1-2.5s	SAMPLE-SHORT	low								1.8s, untyped	
From Digitakt	From Digitakt	saturday ripp'd - 1.wav	saturday ripp'd - 1.wav	saturday ripp'd - 1	.wav	192146	2023-05-16	WAV	48000	16	1	2.000	B 1-2.5s	CHOP	medium				saturday ripp'd	1	6		numbered series "saturday ripp'd" (1 of 6), no drum token	
From Digitakt	From Digitakt	saturday ripp'd - 2.wav	saturday ripp'd - 2.wav	saturday ripp'd - 2	.wav	96218	2023-05-16	WAV	48000	16	1	1.000	B 1-2.5s	CHOP	medium				saturday ripp'd	2	6		numbered series "saturday ripp'd" (2 of 6), no drum token	
From Digitakt	From Digitakt	saturday ripp'd - 3.wav	saturday ripp'd - 3.wav	saturday ripp'd - 3	.wav	96318	2023-05-16	WAV	48000	16	1	1.002	B 1-2.5s	CHOP	medium				saturday ripp'd	3	6		numbered series "saturday ripp'd" (3 of 6), no drum token	
From Digitakt	From Digitakt	saturday ripp'd - 4.wav	saturday ripp'd - 4.wav	saturday ripp'd - 4	.wav	96188	2023-05-16	WAV	48000	16	1	1.000	B 1-2.5s	CHOP	medium				saturday ripp'd	4	6		numbered series "saturday ripp'd" (4 of 6), no drum token	
From Digitakt	From Digitakt	saturday ripp'd - 5.wav	saturday ripp'd - 5.wav	saturday ripp'd - 5	.wav	48030	2023-05-16	WAV	48000	16	1	0.499	A <1s	CHOP	medium				saturday ripp'd	5	6		numbered series "saturday ripp'd" (5 of 6), no drum token	
From Digitakt	From Digitakt	saturday ripp'd - 6.wav	saturday ripp'd - 6.wav	saturday ripp'd - 6	.wav	96200	2023-05-16	WAV	48000	16	1	1.000	B 1-2.5s	CHOP	medium				saturday ripp'd	6	6		numbered series "saturday ripp'd" (6 of 6), no drum token	
From Digitakt	From Digitakt	saturday-degradeT2.000.wav	saturday-degradeT2.000.wav	saturday-degradeT2.000	.wav	771448	2023-05-16	WAV	48000	16	1	8.034	D 8-30s	SAMPLE	low								8.0s, untyped	
From Digitakt	From Digitakt	saturday-degradeT4.000.wav	saturday-degradeT4.000.wav	saturday-degradeT4.000	.wav	224756	2023-05-16	WAV	48000	16	1	2.339	B 1-2.5s	SAMPLE-SHORT	low								2.3s, untyped	
From Digitakt	From Digitakt	saturday-degradeUSIMCeramic_hi2.wav	saturday-degradeUSIMCeramic_hi2.wav	saturday-degradeUSIMCeramic_hi2	.wav	135314	2023-05-16	WAV	48000	16	1	1.408	B 1-2.5s	SAMPLE-SHORT	low								1.4s, untyped	
From Digitakt	From Digitakt	saturday2.wav	saturday2.wav	saturday2	.wav	584402	2023-05-16	WAV	48000	16	1	6.086	C 2.5-8s	SAMPLE-SHORT	low								6.1s, untyped	
From Digitakt	From Digitakt	saturday_afternoon.wav	saturday_afternoon.wav	saturday_afternoon	.wav	754178	2023-05-16	WAV	48000	16	1	7.854	C 2.5-8s	SAMPLE-SHORT	low								7.9s, untyped	
From Digitakt	From Digitakt	sleepy time - lp1.wav	sleepy time - lp1.wav	sleepy time - lp1	.wav	1793166	2023-05-16	WAV	48000	16	1	18.677	D 8-30s	SAMPLE	low								18.7s, untyped	
From Digitakt	From Digitakt	vantage - off loop.wav	vantage - off loop.wav	vantage - off loop	.wav	530488	2023-05-16	WAV	48000	16	1	5.524	C 2.5-8s	LOOP	medium								loop keyword or bpm	
From Digitakt	From Digitakt	vantage - short.derst.wav	vantage - short.derst.wav	vantage - short.derst	.wav	1071960	2023-05-16	WAV	48000	16	1	11.164	D 8-30s	SAMPLE	low			short					11.2s, untyped	
From Digitakt	From Digitakt	vantage - short.wav	vantage - short.wav	vantage - short	.wav	1071960	2023-05-16	WAV	48000	16	1	11.164	D 8-30s	SAMPLE	low			short					11.2s, untyped	
From Digitakt	From Digitakt	vantage-skrewy.wav	vantage-skrewy.wav	vantage-skrewy	.wav	536642	2023-05-16	WAV	48000	16	1	5.588	C 2.5-8s	SAMPLE-SHORT	low								5.6s, untyped	
From Digitakt	From Digitakt	vantage.25.wav	vantage.25.wav	vantage.25	.wav	136184	2023-05-16	WAV	48000	16	1	1.417	B 1-2.5s	SAMPLE-SHORT	low				vantage	25	2		1.4s, untyped	
From Digitakt	From Digitakt	vantage.5.wav	vantage.5.wav	vantage.5	.wav	268332	2023-05-16	WAV	48000	16	1	2.793	C 2.5-8s	SAMPLE-SHORT	low				vantage	5	2		2.8s, untyped	
beds	beds	CeramicGlazings 4.00.sd2	CeramicGlazings 4.00.sd2	CeramicGlazings 4.00	.sd2	3978012	2003-05-24	RAW-PCM	44100	16	2	22.551	D 8-30s	SAMPLE	low								22.6s, untyped	headerless - specs assumed, duration is an estimate
beds	beds	CeramicGlazings*moonless008aif.aif	CeramicGlazings*moonless008aif.aif	CeramicGlazings*moonless008aif	.aif	1107858	2003-05-24	AIFF	44100	16	2	6.280	C 2.5-8s	SAMPLE-SHORT	low								6.3s, untyped	
beds	beds	CeramicGlazings*moonless008aif.aif.asd	CeramicGlazings*moonless008aif.aif.asd	CeramicGlazings*moonless008aif.aif	.asd	22036	2024-07-02	NON-AUDIO	0	0	0	0.000	unknown	CACHE	high								cache extension .asd	
beds	beds	CeramicGlazings*moonless008aifT.aif	CeramicGlazings*moonless008aifT.aif	CeramicGlazings*moonless008aifT	.aif	4456502	2003-05-24	AIFF	44100	16	2	25.263	D 8-30s	SAMPLE	low								25.3s, untyped	
beds	beds	CeramicGlazings*moonless008aifT.aif.asd	CeramicGlazings*moonless008aifT.aif.asd	CeramicGlazings*moonless008aifT.aif	.asd	78748	2024-07-02	NON-AUDIO	0	0	0	0.000	unknown	CACHE	high								cache extension .asd	
beds	beds	CeramicGlazings.aif	CeramicGlazings.aif	CeramicGlazings	.aif	1022102	2003-05-24	AIFF	44100	16	2	5.794	C 2.5-8s	SAMPLE-SHORT	low								5.8s, untyped	
beds	beds	CeramicGlazings.aif.asd	CeramicGlazings.aif.asd	CeramicGlazings.aif	.asd	20640	2024-07-02	NON-AUDIO	0	0	0	0.000	unknown	CACHE	high								cache extension .asd	
beds	beds	Ceramic_hi1*ePianCerami2.aif	Ceramic_hi1*ePianCerami2.aif	Ceramic_hi1*ePianCerami2	.aif	2302006	2003-05-24	AIFF	44100	16	2	13.050	D 8-30s	SAMPLE	low								13.0s, untyped	
beds	beds	Ceramic_hi1*ePianCerami2.aif.asd	Ceramic_hi1*ePianCerami2.aif.asd	Ceramic_hi1*ePianCerami2.aif	.asd	41956	2024-07-02	NON-AUDIO	0	0	0	0.000	unknown	CACHE	high								cache extension .asd	
beds	beds	Ceramic_hi1*ePiano_02.aif	Ceramic_hi1*ePiano_02.aif	Ceramic_hi1*ePiano_02	.aif	1147434	2003-05-24	AIFF	44100	16	2	6.504	C 2.5-8s	SAMPLE-SHORT	low								6.5s, untyped	
beds	beds	Ceramic_hi1*ePiano_02.aif.asd	Ceramic_hi1*ePiano_02.aif.asd	Ceramic_hi1*ePiano_02.aif	.asd	22756	2024-07-02	NON-AUDIO	0	0	0	0.000	unknown	CACHE	high								cache extension .asd	
beds	beds	Ceramic_hi1*ePiano_02USIMCerami.aif	Ceramic_hi1*ePiano_02USIMCerami.aif	Ceramic_hi1*ePiano_02USIMCerami	.aif	1147958	2003-05-24	AIFF	44100	16	2	6.507	C 2.5-8s	SAMPLE-SHORT	low								6.5s, untyped	
beds	beds	Ceramic_hi1*ePiano_02USIMCerami.aif.asd	Ceramic_hi1*ePiano_02USIMCerami.aif.asd	Ceramic_hi1*ePiano_02USIMCerami.aif	.asd	22600	2024-07-02	NON-AUDIO	0	0	0	0.000	unknown	CACHE	high								cache extension .asd	
beds	beds	Ceramic_hi1-beaut*the_Chad_werk.aif	Ceramic_hi1-beaut*the_Chad_werk.aif	Ceramic_hi1-beaut*the_Chad_werk	.aif	2822454	2003-05-26	AIFF	44100	16	2	16.000	D 8-30s	SAMPLE	low								16.0s, untyped	
beds	beds	Ceramic_hi1-beaut*the_Chad_werk.aif.asd	Ceramic_hi1-beaut*the_Chad_werk.aif.asd	Ceramic_hi1-beaut*the_Chad_werk.aif	.asd	51500	2024-07-02	NON-AUDIO	0	0	0	0.000	unknown	CACHE	high								cache extension .asd	
beds	beds	Ceramic_hi1-beaut.aif	Ceramic_hi1-beaut.aif	Ceramic_hi1-beaut	.aif	8260098	2003-05-26	AIFF	44100	16	2	46.825	E 30-90s	SECTION-BED	low								47s, untyped	
beds	beds	Ceramic_hi1-beaut.aif.asd	Ceramic_hi1-beaut.aif.asd	Ceramic_hi1-beaut.aif	.asd	143052	2024-07-02	NON-AUDIO	0	0	0	0.000	unknown	CACHE	high								cache extension .asd	
beds	beds	Ceramic_hi1-beautT2.aif	Ceramic_hi1-beautT2.aif	Ceramic_hi1-beautT2	.aif	16527414	2003-05-24	AIFF	44100	16	2	93.693	F 90s-5m	SONG?	low								90s to 5m with no keyword	
beds	beds	Ceramic_hi1-beautT2.aif.asd	Ceramic_hi1-beautT2.aif.asd	Ceramic_hi1-beautT2.aif	.asd	507553	2025-02-05	NON-AUDIO	0	0	0	0.000	unknown	CACHE	high								cache extension .asd	
beds	beds	Ceramic_hi1.aif	Ceramic_hi1.aif	Ceramic_hi1	.aif	794902	2004-01-20	AIFF	44100	16	2	4.506	C 2.5-8s	SAMPLE-SHORT	low				ceramic_hi	1	2		4.5s, untyped	
beds	beds	Ceramic_hi1.aif.asd	Ceramic_hi1.aif.asd	Ceramic_hi1.aif	.asd	16592	2024-07-02	NON-AUDIO	0	0	0	0.000	unknown	CACHE	high								cache extension .asd	
beds	beds	Ceramic_hi1T2.aif	Ceramic_hi1T2.aif	Ceramic_hi1T2	.aif	1605686	2003-05-24	AIFF	44100	16	2	9.102	D 8-30s	SAMPLE	low				ceramic_hi1t	2	2		9.1s, untyped	
beds	beds	Ceramic_hi1T2.aif.asd	Ceramic_hi1T2.aif.asd	Ceramic_hi1T2.aif	.asd	30232	2024-07-02	NON-AUDIO	0	0	0	0.000	unknown	CACHE	high								cache extension .asd	
beds	beds	Ceramic_hi1T2000T2.aif	Ceramic_hi1T2000T2.aif	Ceramic_hi1T2000T2	.aif	3227702	2003-05-24	AIFF	44100	16	2	18.297	D 8-30s	SAMPLE	low								18.3s, untyped	
beds	beds	Ceramic_hi1T2000T2.aif.asd	Ceramic_hi1T2000T2.aif.asd	Ceramic_hi1T2000T2.aif	.asd	57404	2024-07-02	NON-AUDIO	0	0	0	0.000	unknown	CACHE	high								cache extension .asd	
beds	beds	Ceramic_hi1T2000T2000T2.aif	Ceramic_hi1T2000T2000T2.aif	Ceramic_hi1T2000T2000T2	.aif	6459446	2003-05-24	AIFF	44100	16	2	36.618	E 30-90s	SECTION-BED	low								37s, untyped	
beds	beds	Ceramic_hi1T2000T2000T2.aif.asd	Ceramic_hi1T2000T2000T2.aif.asd	Ceramic_hi1T2000T2000T2.aif	.asd	111612	2024-07-02	NON-AUDIO	0	0	0	0.000	unknown	CACHE	high								cache extension .asd	
beds	beds	Ceramic_hi1T8.aif	Ceramic_hi1T8.aif	Ceramic_hi1T8	.aif	2277430	2003-05-24	AIFF	44100	16	2	12.910	D 8-30s	SAMPLE	low				ceramic_hi1t	8	2		12.9s, untyped	
beds	beds	Ceramic_hi1T8.aif.asd	Ceramic_hi1T8.aif.asd	Ceramic_hi1T8.aif	.asd	41484	2024-07-02	NON-AUDIO	0	0	0	0.000	unknown	CACHE	high								cache extension .asd	
beds	beds	Ceramic_hi2.aif	Ceramic_hi2.aif	Ceramic_hi2	.aif	397502	2003-05-26	AIFF	44100	16	2	2.253	B 1-2.5s	SAMPLE-SHORT	low				ceramic_hi	2	2		2.3s, untyped	
beds	beds	Ceramic_hi2.aif.asd	Ceramic_hi2.aif.asd	Ceramic_hi2.aif	.asd	9924	2024-07-02	NON-AUDIO	0	0	0	0.000	unknown	CACHE	high								cache extension .asd	
beds	beds	the_Chad_werkdaiffUSIMCeramic_h.aif	the_Chad_werkdaiffUSIMCeramic_h.aif	the_Chad_werkdaiffUSIMCeramic_h	.aif	13567030	2003-05-26	AIFF	44100	16	2	76.910	E 30-90s	SECTION-BED	low								77s, untyped	
beds	beds	the_Chad_werkdaiffUSIMCeramic_h.aif.asd	the_Chad_werkdaiffUSIMCeramic_h.aif.asd	the_Chad_werkdaiffUSIMCeramic_h.aif	.asd	417809	2024-07-02	NON-AUDIO	0	0	0	0.000	unknown	CACHE	high								cache extension .asd	
beds&melodicLoops	beds&melodicLoops	1998 Chateau Lafite-Rothschild Pauillac.aif	1998 Chateau Lafite-Rothschild Pauillac.aif	1998 Chateau Lafite-Rothschild Pauillac	.aif	37654912	2025-04-20	AIFF	44100	16	2	213.440	F 90s-5m	SONG?	low								90s to 5m with no keyword	
beds&melodicLoops	beds&melodicLoops	another loop for your mind.LR.aif	another loop for your mind.LR.aif	another loop for your mind.LR	.aif	963178	2003-06-13	AIFF	44100	16	2	5.459	C 2.5-8s	LOOP	medium								loop keyword or bpm	
beds&melodicLoops	beds&melodicLoops	another loop for your mind.LR.aif.asd	another loop for your mind.LR.aif.asd	another loop for your mind.LR.aif	.asd	19664	2024-07-02	NON-AUDIO	0	0	0	0.000	unknown	CACHE	high								cache extension .asd	
beds&melodicLoops	beds&melodicLoops	cb2.aif	cb2.aif	cb2	.aif	1202186	2003-06-13	AIFF	44100	16	2	6.814	C 2.5-8s	SAMPLE-SHORT	low								6.8s, untyped	
beds&melodicLoops	beds&melodicLoops	cb2.aif.asd	cb2.aif.asd	cb2.aif	.asd	23356	2024-07-02	NON-AUDIO	0	0	0	0.000	unknown	CACHE	high								cache extension .asd	
beds&melodicLoops	beds&melodicLoops	cb2T2.000.aif	cb2T2.000.aif	cb2T2.000	.aif	2408502	2003-06-13	AIFF	44100	16	2	13.653	D 8-30s	SAMPLE	low								13.7s, untyped	
beds&melodicLoops	beds&melodicLoops	cb2T2.000.aif.asd	cb2T2.000.aif.asd	cb2T2.000.aif	.asd	43460	2024-07-02	NON-AUDIO	0	0	0	0.000	unknown	CACHE	high								cache extension .asd	
beds&melodicLoops	beds&melodicLoops	cb2T2000T2.000.aif	cb2T2000T2.000.aif	cb2T2000T2.000	.aif	4821046	2003-06-13	AIFF	44100	16	2	27.330	D 8-30s	SAMPLE	low								27.3s, untyped	
beds&melodicLoops	beds&melodicLoops	cb2T2000T2.000.aif.asd	cb2T2000T2.000.aif.asd	cb2T2000T2.000.aif	.asd	83648	2024-07-02	NON-AUDIO	0	0	0	0.000	unknown	CACHE	high								cache extension .asd	
beds&melodicLoops	beds&melodicLoops	cb2T2000T2000T2.000.aif	cb2T2000T2000T2.000.aif	cb2T2000T2000T2.000	.aif	9646134	2003-06-13	AIFF	44100	16	2	54.683	E 30-90s	SECTION-BED	low								55s, untyped	
beds&melodicLoops	beds&melodicLoops	cb2T2000T2000T2.000.aif.asd	cb2T2000T2000T2.000.aif.asd	cb2T2000T2000T2.000.aif	.asd	295165	2024-07-02	NON-AUDIO	0	0	0	0.000	unknown	CACHE	high								cache extension .asd	
beds&melodicLoops	beds&melodicLoops	deep_runner.sd2	deep_runner.sd2	deep_runner	.sd2	9756672	2003-06-13	RAW-PCM	44100	16	2	55.310	E 30-90s	SECTION-BED	low								55s, untyped	headerless - specs assumed, duration is an estimate
beds&melodicLoops	beds&melodicLoops	fadeIn.aif	fadeIn.aif	fadeIn	.aif	2088282	2003-06-13	AIFF	44100	16	2	11.838	D 8-30s	SAMPLE	low								11.8s, untyped	
beds&melodicLoops	beds&melodicLoops	fadeIn.aif.asd	fadeIn.aif.asd	fadeIn.aif	.asd	38428	2024-07-02	NON-AUDIO	0	0	0	0.000	unknown	CACHE	high								cache extension .asd	
beds&melodicLoops	beds&melodicLoops	fadeInT32.000.aif	fadeInT32.000.aif	fadeInT32.000	.aif	4788278	2003-06-13	AIFF	44100	16	2	27.144	D 8-30s	SAMPLE	low								27.1s, untyped	
beds&melodicLoops	beds&melodicLoops	fadeInT32.000.aif.asd	fadeInT32.000.aif.asd	fadeInT32.000.aif	.asd	83348	2024-07-02	NON-AUDIO	0	0	0	0.000	unknown	CACHE	high								cache extension .asd	
beds&melodicLoops	beds&melodicLoops	fadeInT8.000.aif	fadeInT8.000.aif	fadeInT8.000	.aif	5374058	2003-06-13	AIFF	44100	16	2	30.465	E 30-90s	SECTION-BED	low								30s, untyped	
beds&melodicLoops	beds&melodicLoops	fadeInT8.000.aif.asd	fadeInT8.000.aif.asd	fadeInT8.000.aif	.asd	95188	2025-02-05	NON-AUDIO	0	0	0	0.000	unknown	CACHE	high								cache extension .asd	
beds&melodicLoops	beds&melodicLoops	fadeInT8000T2.000.aif	fadeInT8000T2.000.aif	fadeInT8000T2.000	.aif	10750006	2003-06-13	AIFF	44100	16	2	60.941	E 30-90s	SECTION-BED	low								61s, untyped	
beds&melodicLoops	beds&melodicLoops	fadeInT8000T2.000.aif.asd	fadeInT8000T2.000.aif.asd	fadeInT8000T2.000.aif	.asd	334285	2025-02-05	NON-AUDIO	0	0	0	0.000	unknown	CACHE	high								cache extension .asd	
beds&melodicLoops	beds&melodicLoops	fed-back.aif	fed-back.aif	fed-back	.aif	3636890	2003-01-01	AIFF	44100	16	2	20.617	D 8-30s	SAMPLE	low								20.6s, untyped	
beds&melodicLoops	beds&melodicLoops	fed-back.aif.asd	fed-back.aif.asd	fed-back.aif	.asd	64540	2024-07-02	NON-AUDIO	0	0	0	0.000	unknown	CACHE	high								cache extension .asd	
beds&melodicLoops	beds&melodicLoops	gcs*bigNoiseT4.000.aif	gcs*bigNoiseT4.000.aif	gcs*bigNoiseT4.000	.aif	6549558	2003-06-13	AIFF	48000	16	2	34.112	E 30-90s	SECTION-BED	low								34s, untyped	
beds&melodicLoops	beds&melodicLoops	gcs*bigNoiseT4.000.aif.asd	gcs*bigNoiseT4.000.aif.asd	gcs*bigNoiseT4.000.aif	.asd	112264	2024-07-02	NON-AUDIO	0	0	0	0.000	unknown	CACHE	high								cache extension .asd	
beds&melodicLoops	beds&melodicLoops	higher_bedderT2000T2000T2.000.aif	higher_bedderT2000T2000T2.000.aif	higher_bedderT2000T2000T2.000	.aif	2975798	2003-06-13	AIFF	44100	16	2	16.869	D 8-30s	SAMPLE	low								16.9s, untyped	
beds&melodicLoops	beds&melodicLoops	higher_bedderT2000T2000T2.000.aif.asd	higher_bedderT2000T2000T2.000.aif.asd	higher_bedderT2000T2000T2.000.aif	.asd	53768	2024-07-02	NON-AUDIO	0	0	0	0.000	unknown	CACHE	high								cache extension .asd	
beds&melodicLoops	beds&melodicLoops	mc_900_ft_jesus*32aif_editT8.00.aif	mc_900_ft_jesus*32aif_editT8.00.aif	mc_900_ft_jesus*32aif_editT8.00	.aif	8630326	2003-06-13	AIFF	44100	16	2	48.924	E 30-90s	SECTION-BED	low								49s, untyped	
beds&melodicLoops	beds&melodicLoops	mc_900_ft_jesus*32aif_editT8.00.aif.asd	mc_900_ft_jesus*32aif_editT8.00.aif.asd	mc_900_ft_jesus*32aif_editT8.00.aif	.asd	148189	2024-07-02	NON-AUDIO	0	0	0	0.000	unknown	CACHE	high								cache extension .asd	
beds&melodicLoops	beds&melodicLoops	pikDrone.aif	pikDrone.aif	pikDrone	.aif	2061602	2003-06-13	AIFF	44100	16	2	11.686	D 8-30s	SAMPLE	low								11.7s, untyped	
beds&melodicLoops	beds&melodicLoops	pikDrone.aif.asd	pikDrone.aif.asd	pikDrone.aif	.asd	38836	2024-07-02	NON-AUDIO	0	0	0	0.000	unknown	CACHE	high								cache extension .asd	
beds&melodicLoops	beds&melodicLoops	regarding that she is my childe.aif	regarding that she is my childe.aif	regarding that she is my childe	.aif	918532	2025-04-20	AIFF	44100	16	2	5.184	C 2.5-8s	SAMPLE-SHORT	low								5.2s, untyped	
