path	duration	loudness	crest	brightness	rolloff	flatness	noisiness	attack	low	high	pulse	density
Argyph'd/Au fond, qui sait, c’est peut-être plus heureux.aif	1.00000	0.43806	0.60220	0.36749	0.32547	0.01069	0.00876	1.00000	0.83812	0.01592	0.58855	0.45833
Argyph'd/Spline Abstractions.aif	0.86828	0.83581	0.13286	0.49048	0.32582	0.04938	0.01109	0.22802	0.83624	0.04587	1.00000	0.00000
Argyph'd/heliogobbleus terrorgammons.aif	0.86828	0.85207	0.10035	0.16910	0.19003	0.00048	0.01109	0.23217	0.99950	0.00035	0.99999	0.00000
Argyph'd/nothing that can so effectively as a kiss evoke.aif	0.86828	0.84306	0.21662	0.37645	0.37044	0.00055	0.04193	0.93682	0.00030	0.00037	0.86916	0.00000
Argyph'd/these strange thoughts that are making you so miserable.aif	0.86828	0.74806	0.11748	0.17859	0.19003	0.00103	0.01109	0.23217	0.99900	0.00076	0.99999	0.00000
Argyph'd/vercingetorix(ͱ).aif	0.86828	0.83581	0.13286	0.49048	0.32582	0.04938	0.01109	0.22802	0.83624	0.04587	1.00000	0.00000
Argyph'd/ᛦᛊ      ᚽᚢᛕᛁ.aif	0.85531	0.84698	0.11052	0.16911	0.19003	0.00048	0.01109	0.37400	0.99950	0.00035	1.00000	0.00000
Even More Da Heat/aahh.wav	0.47790	0.71959	0.39350	0.77960	0.84920	0.03602	0.23319	0.89496	0.01428	0.29423	0.52577	0.00000
Even More Da Heat/aarumph.wav	0.55484	0.67227	0.43515	0.56054	0.60571	0.02201	0.08693	0.95989	0.16135	0.01871	0.60174	0.25144
Even More Da Heat/art fall.wav	0.55403	0.67505	0.43169	0.56917	0.61250	0.02827	0.08833	0.87642	0.15601	0.02661	0.56911	0.20265
Even More Da Heat/atmospheric drone 1 granular-pitched 2026-08-09 202901.wav	0.66152	0.49926	0.47751	0.57565	0.61250	0.08026	0.05365	1.00000	0.29989	0.06269	0.61543	0.04167
Even More Da Heat/atmospheric drone 1.wav	0.66119	0.59964	0.40775	0.57199	0.58599	0.05803	0.06851	1.00000	0.27301	0.04848	0.75234	0.04167
Even More Da Heat/b 1.wav	0.50046	0.51975	0.59011	0.60263	0.69085	0.06471	0.05020	0.96463	0.31771	0.08146	0.34550	0.16596
Even More Da Heat/b 2.wav	0.49896	0.53792	0.58013	0.60521	0.69350	0.07438	0.04640	0.96231	0.36630	0.08942	0.51180	0.50481
Even More Da Heat/b 3.wav	0.60527	0.73375	0.50295	0.55275	0.61901	0.04932	0.02664	1.00000	0.49874	0.05910	0.57905	0.50567
Even More Da Heat/big meters 1.wav	0.84589	0.59335	0.78937	0.74764	0.83719	0.32518	1.00000	1.00000	0.11437	0.24541	0.73877	0.29167
Even More Da Heat/big vox.wav	0.64121	0.76653	0.36225	0.73833	0.80232	0.02739	0.17683	1.00000	0.01657	0.26172	0.43722	0.02270
Even More Da Heat/blurb 1.wav	0.47327	0.73362	0.38298	0.57144	0.64443	0.00331	0.06891	0.72956	0.21002	0.08375	0.36065	0.10660
Even More Da Heat/bottom heavy atmos.wav	0.69249	0.66683	0.37909	0.51888	0.45280	0.05399	0.02676	1.00000	0.65806	0.05018	0.79748	0.29167
Even More Da Heat/cliper 1.wav	0.00000	0.88761	0.22478	0.00000	0.00000	0.00000	0.89970	0.00000	0.00000	0.00000	0.00000	0.00000
Even More Da Heat/drum groove.wav	0.45618	0.66854	0.38091	0.55500	0.58334	0.02412	0.03315	0.80300	0.43872	0.07375	0.31617	0.12476
Even More Da Heat/eeaaahh.wav	0.59843	0.62177	0.50250	0.69532	0.76981	0.03844	0.12026	1.00000	0.06176	0.17519	0.88775	0.00000
Even More Da Heat/fla bon 1.wav	0.41884	0.62665	0.48827	0.85984	0.96052	0.33236	0.22450	0.56114	0.16621	0.51522	0.55570	0.70388
Even More Da Heat/fla bon 2.wav	0.41884	0.62665	0.48827	0.85805	0.95934	0.33572	0.22676	0.56114	0.16238	0.51021	0.42397	0.70388
Even More Da Heat/fla pt 1.wav	0.50814	0.60210	0.64701	0.84326	0.95057	0.33746	0.16347	0.42331	0.27116	0.49420	0.49115	0.38658
Even More Da Heat/fla pt 10.wav	0.50814	0.60210	0.64701	0.84211	0.95007	0.34038	0.16314	0.42331	0.27087	0.49072	0.45988	0.38658
Even More Da Heat/fla pt 11.wav	0.50814	0.60210	0.64701	0.84201	0.94982	0.34074	0.16292	0.42331	0.27142	0.49022	0.29455	0.38658
Even More Da Heat/fla pt 12.wav	0.50814	0.60210	0.64701	0.84163	0.94957	0.34335	0.16358	0.42331	0.27102	0.48870	0.34792	0.38658
Even More Da Heat/fla pt 2.wav	0.50814	0.60210	0.64701	0.84312	0.95032	0.33785	0.16391	0.42331	0.27104	0.49403	0.49144	0.38658
Even More Da Heat/fla pt 3.wav	0.50814	0.60210	0.64701	0.84337	0.95032	0.33881	0.16369	0.42331	0.26978	0.49475	0.47602	0.38658
Even More Da Heat/fla pt 4.wav	0.50814	0.60210	0.64701	0.84315	0.95032	0.33863	0.16391	0.42331	0.26997	0.49405	0.47731	0.38658
Even More Da Heat/fla pt 5.wav	0.50814	0.60210	0.64701	0.84299	0.95032	0.33955	0.16358	0.42331	0.26957	0.49344	0.48323	0.38658
Even More Da Heat/fla pt 6.wav	0.50814	0.60210	0.64701	0.84301	0.95032	0.34062	0.16391	0.42331	0.26918	0.49354	0.49300	0.38658
Even More Da Heat/fla pt 7.wav	0.50814	0.60210	0.64701	0.84241	0.95007	0.34110	0.16446	0.42331	0.26987	0.49186	0.49886	0.38658
Even More Da Heat/fla pt 8.wav	0.50814	0.60210	0.64701	0.84203	0.94982	0.33999	0.16435	0.42331	0.27105	0.49049	0.42361	0.38658
Even More Da Heat/fla pt 9.wav	0.50814	0.60210	0.64701	0.84206	0.94982	0.33999	0.16237	0.42331	0.27107	0.49056	0.38027	0.38658
Even More Da Heat/flange loop.wav	0.49366	0.63633	0.60567	0.85031	0.95429	0.34051	0.30794	0.45424	0.18353	0.50383	0.87654	0.61839
Even More Da Heat/flanged 2.wav	0.56847	0.60788	0.64051	0.86951	0.96005	0.36602	0.35064	0.99348	0.13536	0.56922	0.66670	0.48791
Even More Da Heat/flanged 3.wav	0.49348	0.59911	0.65703	0.88764	0.96719	0.37585	0.38887	0.44434	0.13536	0.61674	0.33180	0.53096
Even More Da Heat/flanged?.wav	0.93038	0.71360	0.57279	0.84783	0.95082	0.33991	0.27799	1.00000	0.11732	0.48801	0.28214	0.33333
Even More Da Heat/hat 90 1.wav	0.33430	0.63655	0.52159	0.88609	0.91241	0.04269	0.88291	0.34017	0.02547	0.85880	0.25701	0.00000
Even More Da Heat/horn delays.wav	0.55428	0.60189	0.45256	0.69925	0.77141	0.09640	0.11883	0.82196	0.06766	0.19553	0.82466	0.10110
Even More Da Heat/jazz loop.wav	0.67023	0.69358	0.58285	0.60323	0.66937	0.07416	0.05119	1.00000	0.37884	0.09421	0.44760	0.20833
Even More Da Heat/kick 1.wav	0.32331	0.84487	0.31026	0.69841	0.84920	0.16875	0.04546	0.41470	0.61739	0.22358	0.04331	0.42422
Even More Da Heat/kick 2.wav	0.36546	0.76319	0.47361	0.73709	0.84231	0.14147	0.13442	0.51365	0.43706	0.34895	0.01756	0.28773
Even More Da Heat/kick 909 1?.wav	0.34505	0.87528	0.20972	0.46689	0.39299	0.01224	0.01091	0.44055	0.79823	0.04419	0.15505	0.00000
Even More Da Heat/kick hat loop.wav	0.42000	0.78585	0.38252	0.79425	0.89152	0.04098	0.41811	0.27806	0.41478	0.47904	0.77724	0.00000
Even More Da Heat/music exzpmle 1.wav	0.53461	0.66949	0.44921	0.71993	0.85064	0.14800	0.10214	0.73139	0.23637	0.24147	0.34647	0.24235
Even More Da Heat/phased voice.wav	0.68987	0.61859	0.49984	0.61384	0.65987	0.06808	0.08115	1.00000	0.15602	0.07873	0.59819	0.02083
Even More Da Heat/rev creeper.wav	0.57252	0.62232	0.56995	0.66200	0.72863	0.08213	0.14059	0.86599	0.10250	0.11273	0.62513	0.00000
Even More Da Heat/sample and hold.wav	0.57896	0.64656	0.45914	0.57563	0.63321	0.04547	0.07430	0.39852	0.14863	0.05360	0.25620	0.24162
Even More Da Heat/scow wag.wav	0.57642	0.58384	0.42364	0.57651	0.63126	0.01371	0.06169	1.00000	0.24797	0.09034	0.30882	0.04122
Even More Da Heat/search for.wav	0.54442	0.58682	0.55025	0.59419	0.73379	0.00780	0.09248	0.83178	0.29339	0.09812	0.46764	0.22140
Even More Da Heat/snare 1.wav	0.38266	0.68285	0.53346	0.81287	0.88705	0.27567	0.19418	0.21896	0.04944	0.49758	0.12933	0.00000
Even More Da Heat/snare 2.wav	0.25474	0.77439	0.35238	0.80473	0.88362	0.21799	0.28155	0.34621	0.03206	0.46309	0.00000	0.00000
Even More Da Heat/snare 3.wav	0.33339	0.63576	0.71895	0.87254	0.93751	0.38560	0.59374	0.38632	0.02343	0.66180	0.14256	0.00000
Even More Da Heat/snare 4.wav	0.37416	0.63301	0.73399	0.82191	0.88781	0.24505	0.38738	0.40648	0.05408	0.57306	0.20360	0.26557
Even More Da Heat/snare 5.wav	0.26797	0.70077	0.59847	0.83468	0.89334	0.21826	0.51159	0.29481	0.04113	0.63366	0.00000	0.00000
Even More Da Heat/static loop.wav	0.54536	0.56781	0.65677	0.70936	0.73175	0.10995	0.20457	0.88681	0.04135	0.11057	0.84122	0.76824
Even More Da Heat/swell 1.wav	0.61965	0.52548	0.46970	0.62448	0.70732	0.05995	0.07807	0.93010	0.24764	0.08334	0.93684	0.00000
Even More Da Heat/swell 2.wav	0.68622	0.58433	0.52645	0.63111	0.71206	0.06187	0.09438	1.00000	0.20037	0.09289	0.87016	0.02083
Even More Da Heat/swell 3.wav	0.58446	0.64668	0.47413	0.69500	0.78142	0.08343	0.14008	1.00000	0.09659	0.18794	0.65304	0.00000
Even More Da Heat/swell 4.wav	0.66012	0.64935	0.49898	0.54454	0.61470	0.01882	0.04188	1.00000	0.34967	0.03223	0.86725	0.04167
Even More Da Heat/swell 5.wav	0.66869	0.67371	0.47840	0.62648	0.70732	0.05363	0.08384	0.99014	0.21451	0.08547	0.91989	0.00000
Even More Da Heat/swell 6.wav	0.65026	0.55841	0.48605	0.63369	0.70611	0.07919	0.08028	0.27197	0.24548	0.09515	0.87351	0.02088
Even More Da Heat/swell 7.wav	0.63621	0.75652	0.48671	0.62773	0.70971	0.05014	0.08602	1.00000	0.21476	0.08376	0.86869	0.00000
Even More Da Heat/t'cum.wav	0.35771	0.56784	0.48146	0.61776	0.72330	0.01451	0.09139	0.78148	0.23440	0.12150	0.33165	0.30902
Even More Da Heat/technology.wav	0.48283	0.64649	0.49336	0.59548	0.70119	0.01251	0.07781	0.70360	0.16501	0.12114	0.29036	0.09761
Even More Da Heat/the fundamenmtal.wav	0.66592	0.62297	0.52898	0.62151	0.76240	0.01495	0.09426	1.00000	0.20809	0.16950	0.30880	0.27083
Even More Da Heat/thing l.wav	0.33527	0.70293	0.39514	0.57678	0.61250	0.01059	0.12025	0.41017	0.09839	0.02388	0.26786	0.00000
Even More Da Heat/thing rt.wav	0.33505	0.72720	0.34630	0.57719	0.60571	0.01099	0.09954	0.45019	0.06950	0.02800	0.19199	0.38073
Even More Da Heat/vox 1.wav	0.56790	0.65415	0.46621	0.67793	0.73480	0.06272	0.21779	1.00000	0.11307	0.10272	0.67316	0.00000
Even More Da Heat/vox warble 32000.wav	0.65044	0.68613	0.40671	0.70808	0.78941	0.03408	0.17151	1.00000	0.07618	0.24031	0.56572	0.08339
Even More Da Heat/vox warble.wav	0.65045	0.68677	0.40669	0.72024	0.79902	0.10258	0.17656	1.00000	0.07412	0.25784	0.56234	0.08338
From Digitakt/Dub'dUp Afternoon.wav	0.72578	0.75027	0.49876	0.74752	0.85488	0.22340	0.04241	0.29769	0.40511	0.25969	0.20983	0.04167
From Digitakt/Dub'dUpAfternoonT4.000.wav	0.87632	0.70518	0.58963	0.73352	0.82697	0.20559	0.05936	0.44416	0.48529	0.23999	0.38051	0.29167
From Digitakt/all_over_snares.wav	0.72577	0.59492	0.81016	0.80775	0.89334	0.31857	0.16711	1.00000	0.14054	0.43324	0.47352	0.70833
From Digitakt/atmos.wav	0.88743	0.65842	0.43607	0.77630	0.93196	0.12390	0.09290	1.00000	0.56317	0.27919	0.74188	0.10417
From Digitakt/bassy loop.wav	0.68660	0.84267	0.31467	0.62015	0.54738	0.10011	0.01485	1.00000	0.77745	0.10940	0.39528	0.25000
From Digitakt/busy_hiss.wav	0.72576	0.77361	0.45278	0.90647	0.97973	0.42552	0.30944	0.87682	0.21491	0.62226	0.53870	0.25000
From Digitakt/degraded 1st power.wav	0.65051	0.81638	0.36724	0.90462	0.96696	0.73099	0.42884	0.44151	0.08498	0.75585	0.61479	0.37501
From Digitakt/dub'd, delay'd power'd spread.wav	0.80105	0.79339	0.41321	0.81656	0.91559	0.41547	0.17574	1.00000	0.21375	0.43634	0.61471	0.22917
From Digitakt/hifilterT51.200.wav	1.00000	0.57334	0.64550	0.98360	1.00000	0.40520	1.00000	1.00000	0.05160	0.88897	0.73937	0.00000
From Digitakt/kicking_loop.wav	0.65054	0.79941	0.39109	0.62707	0.72758	0.11105	0.35295	1.00000	0.61437	0.13076	0.67452	0.16667
From Digitakt/minimal_hat&snamre.wav	0.72577	0.62174	0.75652	0.82729	0.92324	0.40644	0.08708	0.87685	0.19031	0.46716	0.52425	0.22917
From Digitakt/minimal_hiss.wav	0.72578	0.61790	0.76420	0.91258	0.97700	0.46686	0.59157	1.00000	0.12092	0.66090	0.58861	0.18750
From Digitakt/more_busy_beat.wav	0.72577	0.77498	0.45004	0.80165	0.92354	0.34517	0.06827	0.91134	0.36430	0.37759	0.62376	0.31250
From Digitakt/power'd afternoon.wav	0.72577	0.72287	0.55427	0.85648	0.93751	0.48518	0.13354	0.72821	0.21976	0.58201	0.32634	0.06250
From Digitakt/reicky_stop_bass.edit.wav	0.72579	0.79352	0.40884	0.75854	0.87489	0.22276	0.10823	1.00000	0.42846	0.32005	0.58073	0.20833
From Digitakt/reicky_stop_bass.wav	0.72579	0.79459	0.41081	0.80663	0.93025	0.34908	0.07772	0.90907	0.38879	0.38616	0.39440	0.20833
From Digitakt/saturday - degrade.wav	0.65048	0.71194	0.43232	0.65685	0.71890	0.10977	0.02074	0.67235	0.71515	0.13577	0.56911	0.31261
From Digitakt/saturday - ripped.2.wav	0.72619	0.64348	0.68401	0.84582	0.95767	0.36095	0.15199	1.00000	0.24837	0.46920	0.54944	1.00000
From Digitakt/saturday - slo.wav	0.56412	0.58772	0.67369	0.64317	0.75374	0.01342	0.21501	0.34423	0.35528	0.16700	0.59977	0.27700
From Digitakt/saturday ripp'd - 1.wav	0.57524	0.64267	0.71466	0.84375	0.95502	0.43531	0.12922	1.00000	0.20045	0.47105	0.26528	0.37505
From Digitakt/saturday ripp'd - 2.wav	0.50005	0.66855	0.66290	0.86527	0.96942	0.48669	0.89007	0.91055	0.21151	0.51246	0.46456	0.33317
From Digitakt/saturday ripp'd - 3.wav	0.50016	0.57825	0.84349	0.90854	0.97952	0.53736	1.00000	0.26265	0.13588	0.65254	0.02924	0.24962
From Digitakt/saturday ripp'd - 4.wav	0.50002	0.66852	0.66297	0.80969	0.93614	0.33183	0.38465	0.28885	0.33377	0.37441	0.31891	0.24996
From Digitakt/saturday ripp'd - 5.wav	0.42442	0.47583	0.54669	0.91192	0.97952	0.34995	0.31356	0.35010	0.30433	0.60880	0.32802	1.00000
From Digitakt/saturday ripp'd - 6.wav	0.50003	0.42389	0.92291	0.91330	0.97931	0.55329	1.00000	0.81790	0.08019	0.68911	0.56163	0.41655
From Digitakt/saturday-degradeT2.000.wav	0.72623	0.73305	0.53391	0.58345	0.41024	0.03618	0.01903	0.67363	0.78072	0.08313	0.51495	0.43750
From Digitakt/saturday-degradeT4.000.wav	0.59228	0.69062	0.46278	0.69035	0.80232	0.16190	0.02142	0.82624	0.58890	0.17441	0.75685	0.42746
From Digitakt/saturday-degradeUSIMCeramic_hi2.wav	0.53713	0.63698	0.45476	0.64880	0.68950	0.02238	0.16774	1.00000	0.20267	0.05959	0.29276	0.23679
From Digitakt/saturday2.wav	0.69608	0.78378	0.42262	0.83349	0.96192	0.29932	0.17826	1.00000	0.28830	0.39827	0.42128	0.45833
From Digitakt/saturday_afternoon.wav	0.72378	0.78702	0.41615	0.83349	0.96192	0.29932	0.17826	1.00000	0.28830	0.39827	0.42128	0.45833
From Digitakt/sleepy time - lp1.wav	0.81783	0.61489	0.77015	0.40847	0.50936	0.00645	0.02881	1.00000	0.48130	0.00363	0.72909	1.00000
From Digitakt/vantage - off loop.wav	0.68557	0.78505	0.40978	0.65727	0.73277	0.13636	0.01652	1.00000	0.66981	0.14077	0.38320	1.00000
From Digitakt/vantage - short.derst.wav	0.76196	0.70199	0.59602	0.87682	0.95839	0.59907	0.22883	0.86252	0.15972	0.61035	0.21776	0.29167
From Digitakt/vantage - short.wav	0.76196	0.79703	0.40595	0.79139	0.92795	0.26920	0.28078	1.00000	0.43417	0.34285	0.67941	0.16667
From Digitakt/vantage-skrewy.wav	0.68682	0.79723	0.40555	0.78098	0.92234	0.25600	0.25921	1.00000	0.46830	0.31993	0.67545	0.16667
From Digitakt/vantage.25.wav	0.53783	0.78173	0.34259	0.69225	0.78364	0.16683	0.02878	0.75961	0.59659	0.17386	0.69057	0.88228
From Digitakt/vantage.5.wav	0.61153	0.78200	0.33598	0.67288	0.75813	0.14959	0.01916	0.91272	0.63673	0.15466	0.31994	1.00000
beds&melodicLoops/1998 Chateau Lafite-Rothschild Pauillac.aif	1.00000	0.74727	0.44083	0.14671	0.26293	0.00198	0.00382	1.00000	0.89269	0.00115	0.92042	0.12500
beds&melodicLoops/another loop for your mind.LR.aif	0.68429	0.70342	0.56631	0.44119	0.53424	0.01212	0.01600	0.91424	0.52124	0.00775	0.55417	0.35417
beds&melodicLoops/cb2.aif	0.70836	0.74948	0.43641	0.17384	0.29754	0.00185	0.00395	0.73729	0.85961	0.00103	0.57020	0.25000
beds&melodicLoops/cb2T2.000.aif	0.78381	0.74666	0.40902	0.18936	0.31232	0.00070	0.00580	0.86023	0.83757	0.00040	0.59203	0.20833
beds&melodicLoops/cb2T2000T2.000.aif	0.85916	0.74507	0.40030	0.22447	0.32582	0.00070	0.00988	0.94048	0.78735	0.00040	0.58442	0.22917
beds&melodicLoops/cb2T2000T2000T2.000.aif	0.93446	0.74414	0.39693	0.24264	0.32582	0.00071	0.01636	1.00000	0.75925	0.00040	0.67908	0.16667
beds&melodicLoops/deep_runner.sd2	0.93570	0.92042	0.15916	0.91837	0.98029	0.97190	1.00000	1.00000	0.01519	0.74840	0.16721	0.00000
beds&melodicLoops/fadeIn.aif	0.76832	0.48928	0.50042	0.40518	0.37984	0.01492	0.03814	1.00000	0.23684	0.00796	0.73683	0.37500
beds&melodicLoops/fadeInT32.000.aif	0.85842	0.36800	0.52358	0.44689	0.37984	0.03276	0.03364	1.00000	0.40023	0.02072	0.84938	0.10417
beds&melodicLoops/fadeInT8.000.aif	0.87095	0.62420	0.49458	0.65247	0.65775	0.08956	0.01795	1.00000	0.83193	0.14048	0.78504	0.37500
beds&melodicLoops/fadeInT8000T2.000.aif	0.94623	0.58925	0.57906	0.52051	0.28120	0.01429	0.02109	1.00000	0.91318	0.06350	0.81684	0.29167
beds&melodicLoops/fed-back.aif	0.82855	0.78281	0.43436	0.43995	0.24222	0.03323	0.01560	1.00000	0.91395	0.02371	0.96004	0.22917
beds&melodicLoops/gcs*bigNoiseT4.000.aif	0.88323	0.66810	0.59541	0.82385	0.88401	0.49410	0.41906	1.00000	0.08222	0.51441	0.83831	0.00000
beds&melodicLoops/higher_bedderT2000T2000T2.000.aif	0.80677	0.70027	0.49542	0.37393	0.40505	0.00126	0.03823	0.88143	0.11750	0.00067	0.46881	0.25000
beds&melodicLoops/mc_900_ft_jesus*32aif_editT8.00.aif	0.92238	0.46339	0.54823	0.84038	0.89895	0.47112	0.59388	1.00000	0.00516	0.56848	0.32779	0.00000
beds&melodicLoops/pikDrone.aif	0.76692	0.49065	0.98712	0.42909	0.37984	0.02033	0.04428	1.00000	0.24565	0.01121	0.65877	0.33333
beds&melodicLoops/regarding that she is my childe.aif	0.67866	0.54434	0.38966	0.42581	0.41262	0.02388	0.02998	1.00000	0.48045	0.01120	0.33398	0.35417
beds/CeramicGlazings 4.00.sd2	0.83829	0.91984	0.16031	0.93460	0.98807	0.99624	1.00000	1.00000	0.01220	0.79442	0.10535	0.00000
beds/CeramicGlazings*moonless008aif.aif	0.69949	0.76184	0.47631	0.37874	0.42673	0.00374	0.02870	1.00000	0.49331	0.00200	0.55922	0.27083
beds/CeramicGlazings*moonless008aifT.aif	0.85062	0.75236	0.49528	0.37777	0.44574	0.00366	0.02867	1.00000	0.48914	0.00159	0.63881	0.08333
beds/CeramicGlazings.aif	0.69074	0.71905	0.55862	0.46808	0.48735	0.01658	0.04678	1.00000	0.26534	0.01154	0.63443	0.06250
beds/Ceramic_hi1*ePianCerami2.aif	0.77890	0.71111	0.57461	0.52419	0.57801	0.00148	0.09070	1.00000	0.12872	0.00037	0.64451	0.06250
beds/Ceramic_hi1*ePiano_02.aif	0.70330	0.72090	0.55820	0.46291	0.45724	0.03380	0.03388	1.00000	0.35700	0.01673	0.82662	0.12500
beds/Ceramic_hi1*ePiano_02USIMCerami.aif	0.70335	0.73225	0.53548	0.53456	0.57801	0.01868	0.08920	1.00000	0.11841	0.00758	0.61076	0.08333
beds/Ceramic_hi1-beaut*the_Chad_werk.aif	0.80103	0.72713	0.54573	0.30031	0.24222	0.01169	0.01063	1.00000	0.92438	0.00722	0.46981	0.31250
beds/Ceramic_hi1-beaut.aif	0.91762	0.68350	0.63299	0.43369	0.42673	0.02920	0.02553	1.00000	0.58237	0.01790	0.52652	0.56250
beds/Ceramic_hi1-beautT2.aif	0.99293	0.66223	0.67552	0.32209	0.37044	0.00510	0.01979	0.97848	0.72177	0.00260	0.40784	0.47917
beds/Ceramic_hi1.aif	0.66344	0.75781	0.48130	0.59016	0.63834	0.00660	0.12647	1.00000	0.00590	0.01865	0.76465	0.02083
beds/Ceramic_hi1T2.aif	0.73979	0.55615	0.52144	0.58334	0.62947	0.00604	0.11353	1.00000	0.00553	0.01627	0.54260	0.08333
beds/Ceramic_hi1T2000T2.aif	0.81560	0.35923	0.53480	0.58850	0.63129	0.01537	0.11615	1.00000	0.00581	0.01395	0.61630	0.12500
beds/Ceramic_hi1T2000T2000T2.aif	0.89092	0.73080	0.53840	0.57493	0.60587	0.01433	0.11182	1.00000	0.00242	0.00575	0.55450	0.22917
beds/Ceramic_hi1T8.aif	0.77773	0.58432	0.44887	0.58483	0.62947	0.00685	0.11257	1.00000	0.00628	0.01650	0.49566	0.22917
beds/Ceramic_hi2.aif	0.58818	0.75797	0.47899	0.70111	0.74499	0.03085	0.26245	0.95643	0.00375	0.13950	0.85435	0.07398
beds/the_Chad_werkdaiffUSIMCeramic_h.aif	0.97150	0.71479	0.57042	0.58670	0.57801	0.08374	0.08157	0.80323	0.43703	0.09280	0.54580	0.18750
