root_folder	files	bytes	audio_files	total_minutes	oldest	newest	subdirs	depth	detected_machine	folder_role	dominant_category	category_mix	format_mix	flagged
130	27	21992410	21	4.1	2001-09-27	2010-03-16	0	0			CHOP	CHOP:9, CACHE:6, ONE-SHOT:3, SECTION-BED:3, SAMPLE-SHORT:3, LOOP:2	AIFF:20, NON-AUDIO:6, RAW-PCM:1	1
1969 - On the moon	3	179136817	2	11.2	2011-02-17	2018-10-14	0	0			LONG-SESSION	LONG-SESSION:1, CACHE:1, SAMPLE:1	AIFF:2, NON-AUDIO:1	0
2001	17	20390595	13	3.7	1995-05-29	2010-02-04	0	0			SAMPLE-SHORT	SAMPLE-SHORT:6, CACHE:3, PAD-BED:3, SAMPLE:2, SECTION-BED:2, BROKEN:1	AIFF:13, NON-AUDIO:3, EMPTY:1	1
2002 Initial Battery Sampler Fun	24	13845573	23	1.7	2001-08-29	2018-04-06	0	0	NI Battery	samples	SAMPLE-SHORT	SAMPLE-SHORT:12, LOOP:5, DRUM-ONESHOT:2, UNKNOWN:1, TONAL-HIT:1, PAD-BED:1	AIFF:22, NON-AUDIO:1, RAW-PCM:1	1
2003 8 point tour Sounds	569	4157229639	438	390.7	2000-03-21	2010-03-11	15	1			CACHE	CACHE:130, SAMPLE:110, SAMPLE-SHORT:95, SECTION-BED:92, SONG?:48, LOOP:30	AIFF:432, NON-AUDIO:131, RAW-PCM:6	6
2003 Audio	1907	2305078521	1505	261.1	1994-09-08	2009-12-18	50	3			FX	FX:410, CACHE:396, ONE-SHOT:388, CHOP:335, DRUM-ONESHOT:92, SAMPLE-SHORT:91	AIFF:826, NON-AUDIO:398, RAW-PCM:343, WAV:326, MP3:10	357
2003 UK Live	289	2079737295	158	196.3	2000-03-21	2018-04-06	2	1			CACHE	CACHE:129, SAMPLE-SHORT:38, SESSION-TAKE:32, SECTION-BED:30, SAMPLE:29, LOOP:10	AIFF:141, NON-AUDIO:130, RAW-PCM:17, EMPTY:1	18
2010 movie	88	147465551	81	14.7	1997-03-01	2010-02-21	1	1			SAMPLE-SHORT	SAMPLE-SHORT:27, ONE-SHOT:21, SAMPLE:13, SECTION-BED:9, VOCAL:7, CACHE:6	AIFF:80, NON-AUDIO:7, RAW-PCM:1	1
2011 performance edits	1	513090658	1	32.3	2011-11-11	2011-11-11	0	0		edits	LONG-SESSION	LONG-SESSION:1	AIFF:1	0
50 Drums Kits	1794	47411660	1718	9.7	2005-08-01	2009-09-11	50	1		kit	DRUM-ONESHOT	DRUM-ONESHOT:1667, CACHE:75, CHOP:34, SAMPLE-SHORT:16, SAMPLE:1, BROKEN:1	WAV:1716, NON-AUDIO:75, WAV-comp2:1, WAV-comp17:1, EMPTY:1	1
550 - converted	81	6944703	44	1.2	2001-09-05	2010-03-16	0	0			CACHE	CACHE:36, SAMPLE-SHORT:11, CHOP:11, DRUM-ONESHOT:6, ONE-SHOT:6, SAMPLE:3	NON-AUDIO:37, RAW-PCM:24, AIFF:18, MP3:2	26
550 extracted	37	2254394	26	0.6	2001-09-05	2010-03-14	0	0			CACHE	CACHE:11, SAMPLE-SHORT:10, DRUM-ONESHOT:5, TONAL-HIT:3, SYNTH-STAB:3, CHOP:2	AIFF:26, NON-AUDIO:11	0
714kit001	18	601229	11	0.1	2001-11-18	2008-09-29	0	0			ONE-SHOT	ONE-SHOT:11, CACHE:7	WAV:11, NON-AUDIO:7	0
714kit002	27	1216966	21	0.1	2001-12-31	2008-09-29	0	0			ONE-SHOT	ONE-SHOT:21, CACHE:6	WAV:21, NON-AUDIO:6	0
808	188	19145662	161	2.9	2005-08-01	2009-11-30	0	0	TR-808		DRUM-ONESHOT	DRUM-ONESHOT:94, CHOP:35, SAMPLE-SHORT:32, CACHE:27	WAV:161, NON-AUDIO:27	0
808 eq's and compressed	22	3145122	10	0.5	2003-02-08	2010-03-31	0	0	TR-808		CACHE	CACHE:12, DRUM-ONESHOT:7, DRUM-HIT-LONG:2, CHOP:1	NON-AUDIO:12, RAW-PCM:7, WAV:2, MP3:1	8
909	19	286331	13	0.0	1997-06-20	2005-05-28	0	0	TR-909		DRUM-ONESHOT	DRUM-ONESHOT:13, CACHE:5, BROKEN:1	RAW-PCM:13, NON-AUDIO:5, EMPTY:1	14
909 sounds	190	5703161	188	1.1	1995-02-20	2004-11-21	0	0	TR-909		DRUM-ONESHOT	DRUM-ONESHOT:184, CHOP:4, CACHE:1, BROKEN:1	WAV:160, AIFF:28, NON-AUDIO:1, EMPTY:1	1
AIFF - Blasts From The Past	12	626223825	12	59.2	2012-12-02	2012-12-02	0	0			LONG-SESSION	LONG-SESSION:5, SONG?:5, ONE-SHOT:1, SESSION-TAKE:1	AIFC:sowt:11, RAW-PCM:1	1
ASOOR Edits	203	84443776	198	1.8	2009-04-13	2009-04-13	4	2		edits	UNKNOWN	UNKNOWN:194, CACHE:5, SECTION-BED:2, SAMPLE:2	AIFF:198, NON-AUDIO:5	0
ASOOR Extracts	8	270594096	6	17.0	2009-04-13	2009-08-29	0	0			SONG?	SONG?:3, CACHE:2, SAMPLE:1, SECTION-BED:1, LONG-SESSION:1	AIFF:6, NON-AUDIO:2	0
ATMAN - Original Files	20	1699944934	15	106.9	2009-03-22	2011-01-05	0	0			LONG-SESSION	LONG-SESSION:14, CACHE:5, SECTION-BED:1	AIFF:15, NON-AUDIO:5	0
ATMAN_16bit	10	695478816	10	65.7	2010-06-25	2010-06-25	0	0			LONG-SESSION	LONG-SESSION:9, SONG?:1	WAV:10	0
ATMAN_24bit_Beatport	25	1740106675	24	131.6	2010-06-22	2010-06-30	1	1			LONG-SESSION	LONG-SESSION:18, SONG?:2, SAMPLE-SHORT:2, ONE-SHOT:2, UNKNOWN:1	WAV:20, RAW-PCM:4, NON-AUDIO:1	4
Absynth Samples	1081	726586433	807	95.3	1996-09-24	2010-03-31	44	3	NI Absynth	samples	CACHE	CACHE:272, SAMPLE-SHORT:234, DRUM-ONESHOT:185, SAMPLE:143, CHOP:86, TONAL-HIT:53	WAV:804, NON-AUDIO:274, RAW-PCM:3	3
Acoustic Drums Stereo	305	110206222	296	10.4	2003-02-08	2026-08-08	2	1			DRUM-ONESHOT	DRUM-ONESHOT:224, DRUM-HIT-LONG:37, SAMPLE:15, SAMPLE-SHORT:13, DOCUMENT:7, ONE-SHOT:4	AIFF:296, NON-AUDIO:7, EMPTY:2	2
AnalogDrums	149	5051721	73	0.4	2003-01-04	2010-01-10	0	0			CACHE	CACHE:76, ONE-SHOT:71, CHOP:1, SAMPLE:1	NON-AUDIO:76, AIFF:73	0
Assorted Maladies	136	67475798	69	7.2	1999-06-07	2018-04-06	4	2			CACHE	CACHE:64, SAMPLE-SHORT:29, ONE-SHOT:14, LOOP:8, CHOP:7, SAMPLE:5	NON-AUDIO:66, AIFF:60, RAW-PCM:5, WAV:4, EMPTY:1	6
Audio Library 7 (from the archive)	72	5502836	65	0.9	1995-12-14	2018-02-06	6	1		archive	DRUM-ONESHOT	DRUM-ONESHOT:47, ONE-SHOT:8, SAMPLE-SHORT:7, BROKEN:6, DRUM-HIT-LONG:2, UNKNOWN:1	AIFF:64, EMPTY:6, NON-AUDIO:1, MP3:1	7
Bauhaus	6	4355343	3	0.3	2010-11-23	2010-11-26	0	0			CACHE	CACHE:3, SAMPLE-SHORT:2, SAMPLE:1	AIFF:3, NON-AUDIO:3	0
Because it is time	8	734514220	6	46.2	2009-06-11	2011-03-19	0	0			LONG-SESSION	LONG-SESSION:6, CACHE:2	AIFF:6, NON-AUDIO:2	0
Bidule Patches - Fundraiser April_08	14	440201184	12	27.9	2006-04-20	2011-04-08	1	1		patches	ONE-SHOT	ONE-SHOT:7, UNKNOWN:2, SAMPLE-SHORT:2, LONG-SESSION:2, SAMPLE:1	RAW-PCM:10, NON-AUDIO:2, AIFF:2	10
Bidule Takes	2	432009324	2	27.2	2007-12-08	2007-12-09	0	0		sessions	LONG-SESSION	LONG-SESSION:2	AIFF:2	0
Big Daddy 1920's Ludwig Snare	147	15165435	91	1.4	2005-10-11	2010-12-17	5	1			DRUM-ONESHOT	DRUM-ONESHOT:88, CACHE:53, ONE-SHOT:3, UNKNOWN:1, DOCUMENT:1, BROKEN:1	AIFF:88, NON-AUDIO:55, RAW-PCM:3, EMPTY:1	4
Big Daddy Drums	114	55549838	78	5.2	2005-10-12	2009-09-01	2	1			DRUM-HIT-LONG	DRUM-HIT-LONG:48, CACHE:34, DRUM-ONESHOT:25, ONE-SHOT:3, SAMPLE:2, DOCUMENT:1	AIFF:74, NON-AUDIO:35, RAW-PCM:4, EMPTY:1	5
Bob's kicks	16	1319504	8	0.2	1995-07-30	2013-03-07	0	0			CACHE	CACHE:8, ONE-SHOT:4, SAMPLE-SHORT:4	NON-AUDIO:8, RAW-PCM:7, MP3:1	8
Bright Lights, Dub City	27	2008422254	23	126.4	2009-09-08	2010-04-01	0	0			LONG-SESSION	LONG-SESSION:18, CACHE:4, SONG?:3, SECTION-BED:2	AIFF:23, NON-AUDIO:4	0
Brooks Miller Valeo	8	1095061718	8	69.0	2010-02-05	2011-11-08	0	0			LONG-SESSION	LONG-SESSION:8	AIFF:8	0
Cage	279	162301264	244	6.3	2008-05-20	2010-02-21	3	2			UNKNOWN	UNKNOWN:243, CACHE:34, SONG?:2	AIFF:244, NON-AUDIO:35	0
Carbon Framework	11	323700741	9	36.8	2003-07-01	2022-01-30	2	1			SONG?	SONG?:4, UNKNOWN:3, LONG-SESSION:3, SONG:1	AIFC:sowt:3, AIFF:3, NON-AUDIO:2, MP3:2, MP4/M4A:1	2
Charles Dodge	2	476088724	2	30.0	2009-01-19	2009-01-19	0	0			LONG-SESSION	LONG-SESSION:2	AIFF:2	0
Claps	67	2501597	33	0.3	2005-08-01	2010-06-13	0	0			CACHE	CACHE:34, CHOP:21, ONE-SHOT:12	NON-AUDIO:34, WAV:33	0
Classic Process Textures	231	270246430	104	27.7	2005-05-21	2009-12-11	0	0			CACHE	CACHE:127, SAMPLE:24, ONE-SHOT:21, SAMPLE-SHORT:19, SECTION-BED:13, CHOP:9	NON-AUDIO:127, AIFF:83, RAW-PCM:21	21
Convolvs	6	6796296	3	0.4	2009-04-13	2009-08-29	0	0			CACHE	CACHE:3, SAMPLE-SHORT:2, SAMPLE:1	AIFF:3, NON-AUDIO:3	0
Crafting Dreams	10	1042175006	7	65.5	2008-12-07	2010-04-02	0	0			LONG-SESSION	LONG-SESSION:7, CACHE:3	AIFF:7, NON-AUDIO:3	0
Cubase Audio Files Folder	23	195534460	22	36.9	2001-09-07	2018-04-05	1	1			SESSION-TAKE	SESSION-TAKE:9, DRUM-ONESHOT:4, SECTION-BED:3, SAMPLE-SHORT:3, UNKNOWN:1, SONG?:1	AIFF:17, RAW-PCM:5, NON-AUDIO:1	5
December R&B	499	196464714	318	11.0	2011-12-12	2012-01-21	7	1			UNKNOWN	UNKNOWN:266, CACHE:180, CHOP:43, SAMPLE:3, SECTION-BED:3, ONE-SHOT:3	AIFF:318, NON-AUDIO:181	0
Deckard Bass Files	5	22085804	5	2.8	2010-01-13	2010-01-13	0	0			SECTION-BED	SECTION-BED:2, SAMPLE:2, CHOP:1	WAV:5	0
Denver Doodads	16	2516550	9	0.3	2001-03-10	2018-04-06	1	1			CACHE	CACHE:6, SAMPLE-SHORT:4, ONE-SHOT:3, UNKNOWN:1, LOOP:1, SAMPLE:1	NON-AUDIO:7, AIFF:5, RAW-PCM:4	4
Depeche Mode	18	14833603	9	0.9	2010-11-23	2011-03-01	0	0			CACHE	CACHE:9, SAMPLE:3, VOCAL:3, DRUM-ONESHOT:2, SAMPLE-SHORT:1	AIFF:9, NON-AUDIO:9	0
Devolutions	46	1522146587	23	142.9	2001-02-27	2017-11-14	3	1			CACHE	CACHE:20, LONG-SESSION:15, SONG?:5, ONE-SHOT:3, UNKNOWN:2, BROKEN:1	NON-AUDIO:22, WAV:16, AIFF:4, RAW-PCM:3, EMPTY:1	4
Dirty Kicks	8	787205	4	0.1	2005-05-23	2010-01-10	0	0			CACHE	CACHE:4, ONE-SHOT:2, SAMPLE-SHORT:1, DRUM-ONESHOT:1	AIFF:4, NON-AUDIO:4	0
Dirty tr505 Edits	40	2517492	20	0.2	2009-12-10	2009-12-13	0	0	TR-505	edits	DRUM-ONESHOT	DRUM-ONESHOT:20, CACHE:20	AIFF:20, NON-AUDIO:20	0
Dread Western Dub	1802	408073194	1716	19.9	2009-01-19	2022-01-30	2	1			UNKNOWN	UNKNOWN:1713, CACHE:85, SAMPLE-SHORT:1, SONG?:1, SECTION-BED:1, LONG-SESSION:1	AIFF:1716, NON-AUDIO:86	0
Drum Bits	127	8120930	123	0.0	2009-04-13	2009-04-13	1	1			UNKNOWN	UNKNOWN:123, CACHE:4	AIFF:123, NON-AUDIO:4	0
Drum Sounds & Edits	28	785376	14	0.1	2010-03-14	2010-08-27	0	0		edits	CACHE	CACHE:14, ONE-SHOT:10, DRUM-ONESHOT:3, LOOP:1	AIFF:14, NON-AUDIO:14	0
Drumulator	6	148989	3	0.0	2003-02-08	2010-01-10	0	0	E-mu Drumulator		DRUM-ONESHOT	DRUM-ONESHOT:3, CACHE:3	RAW-PCM:3, NON-AUDIO:3	3
Dub Clips	17	256241713	10	24.1	2012-01-21	2012-03-05	0	0			CACHE	CACHE:7, SONG?:5, SAMPLE-SHORT:2, LONG-SESSION:1, DRUM-ONESHOT:1, ONE-SHOT:1	AIFF:10, NON-AUDIO:7	0
Edison	3	13429746	2	1.7	2009-04-07	2010-12-19	0	0			SAMPLE	SAMPLE:1, CACHE:1, SECTION-BED:1	AIFF:2, NON-AUDIO:1	0
Edited Sounds	36	659776769	19	41.4	2005-07-17	2011-03-19	0	0		edits	CACHE	CACHE:17, SAMPLE-SHORT:11, ONE-SHOT:5, LONG-SESSION:2, SONG?:1	AIFF:18, NON-AUDIO:17, RAW-PCM:1	1
"Electribe""Bitcrusher Takes"	20	1084030399	18	68.3	2005-07-16	2011-03-19	0	0	Korg Electribe	sessions	SESSION-TAKE	SESSION-TAKE:9, LONG-SESSION:4, SAMPLE:3, SECTION-BED:2, UNKNOWN:1, CACHE:1	AIFF:18, NON-AUDIO:2	0
Electronic Snares	47	1482508	47	0.1	2002-08-17	2006-05-18	0	0			DRUM-ONESHOT	DRUM-ONESHOT:46, ONE-SHOT:1	RAW-PCM:47	47
Electronic Toms	58	2254660	58	0.2	2002-08-17	2006-05-18	0	0			DRUM-ONESHOT	DRUM-ONESHOT:57, ONE-SHOT:1	RAW-PCM:58	58
Emu Wave	6	1030216	4	0.4	1996-10-03	2018-02-25	0	0	E-mu		SAMPLE-SHORT	SAMPLE-SHORT:4, CACHE:2	WAV:4, NON-AUDIO:2	0
Excursions v2	7	751379554	4	47.3	2010-02-20	2011-01-05	0	0			LONG-SESSION	LONG-SESSION:4, CACHE:2, UNKNOWN:1	AIFF:4, NON-AUDIO:3	0
Extranious ƒ	8	196500164	6	18.5	1998-08-18	2010-12-10	0	0			ONE-SHOT	ONE-SHOT:2, CACHE:2, LONG-SESSION:2, SONG?:1, FX:1	RAW-PCM:3, AIFF:3, NON-AUDIO:2	3
FUNKY LOOPS AND HITS 1	1133	478028342	1089	45.1	2003-03-10	2009-09-05	70	2		loops	LOOP	LOOP:799, DRUM-ONESHOT:221, CACHE:40, DRUM-HIT-LONG:18, ONE-SHOT:17, SAMPLE-SHORT:12	WAV:708, RAW-PCM:381, NON-AUDIO:44	381
Flock of Seagulls	50	42309136	26	2.6	2010-11-23	2010-12-16	0	0			CACHE	CACHE:24, CHOP:18, SAMPLE:2, SAMPLE-SHORT:2, SECTION-BED:2, LOOP:1	AIFF:26, NON-AUDIO:24	0
For 71tracks	138	15443639993	129	1008.8	2005-01-24	2025-05-31	2	1			LONG-SESSION	LONG-SESSION:72, SONG?:43, CACHE:7, SESSION-TAKE:4, SONG:3, SECTION-BED:2	AIFF:106, WAV-float32:13, NON-AUDIO:9, AIFC:fl32:4, RAW-PCM:3	4
Garritan Jazz Big Band Library	838	2910123908	400	275.0	2004-08-19	2010-01-21	75	5			DOCUMENT	DOCUMENT:438, ONE-SHOT:280, DRUM-ONESHOT:64, TONAL-HIT:49, SAMPLE-SHORT:3, CHOP:2	NON-AUDIO:438, RAW-PCM:400	400
Garriton Personal Orchestra	1059	1952283728	474	184.5	2003-10-29	2022-01-30	55	5			DOCUMENT	DOCUMENT:580, ONE-SHOT:300, TONAL-HIT:162, DRUM-ONESHOT:8, UNKNOWN:5, LONG-SESSION:3	NON-AUDIO:585, RAW-PCM:474	474
Grungy Drums	1764	184156216	1651	18.8	2001-09-19	2010-01-10	57	3			ONE-SHOT	ONE-SHOT:848, SAMPLE-SHORT:491, DRUM-ONESHOT:171, CHOP:139, CACHE:111, UNKNOWN:2	AIFF:1646, NON-AUDIO:113, RAW-PCM:5	5
HOME GROWN 909	22	2842283	11	0.5	1999-03-21	2010-01-10	0	0	TR-909		CACHE	CACHE:11, DRUM-ONESHOT:10, SAMPLE:1	WAV:11, NON-AUDIO:11	0
Halion String Player	5794	5448450086	5790	321.8	2002-08-31	2009-09-05	358	4	Halion		SAMPLE-SHORT	SAMPLE-SHORT:3577, DRUM-ONESHOT:1424, SAMPLE:789, UNKNOWN:4	AIFF:4784, RAW-PCM:1006, NON-AUDIO:4	1006
Hardware Excursions Volume 1	10	433801690	7	32.7	2009-02-28	2020-06-26	1	1			LONG-SESSION	LONG-SESSION:4, CACHE:2, ONE-SHOT:2, UNKNOWN:1, SAMPLE-SHORT:1	WAV:4, NON-AUDIO:3, RAW-PCM:3	3
Hardware Excursions Volume Two	5	437472780	2	27.5	2009-02-27	2011-03-19	0	0			SONG	SONG:2, CACHE:2, UNKNOWN:1	NON-AUDIO:3, AIFF:2	0
Hardware Sessions	13	1388942166	11	87.5	2008-07-22	2009-09-05	0	0		sessions	LONG-SESSION	LONG-SESSION:9, SECTION-BED:2, UNKNOWN:1, CACHE:1	AIFF:11, NON-AUDIO:2	0
Harvested	2	1260357	1	0.1	2009-02-06	2010-08-10	0	0			SAMPLE-SHORT	SAMPLE-SHORT:1, CACHE:1	AIFF:1, NON-AUDIO:1	0
Help! My computer took acid and now it's trying to read my fingers	17	232795820	16	25.1	2001-04-17	2018-04-05	0	0			SECTION-BED	SECTION-BED:5, SONG?:4, SAMPLE:3, LONG-SESSION:2, CHOP:2, UNKNOWN:1	AIFF:9, RAW-PCM:7, NON-AUDIO:1	7
Herbie Hancock	70	90256127	36	5.7	2010-11-23	2011-03-01	0	0			CHOP	CHOP:35, CACHE:34, LONG-SESSION:1	AIFF:36, NON-AUDIO:34	0
Hi Hats	239	12014015	159	1.8	2005-08-01	2010-01-10	0	0			CHOP	CHOP:98, CACHE:80, ONE-SHOT:61	WAV:159, NON-AUDIO:80	0
Hip Hop Kits	3426	167261564	3054	27.9	2005-08-01	2022-01-30	116	3		kit	DRUM-ONESHOT	DRUM-ONESHOT:2769, CACHE:281, SAMPLE-SHORT:206, DOCUMENT:90, CHOP:61, TONAL-HIT:9	WAV:2858, NON-AUDIO:372, RAW-PCM:173, WAV-comp2:16, MP3:7	180
Hip Hop Loops	175	25567263	106	4.7	2005-08-01	2010-01-10	0	0		loops	LOOP	LOOP:85, CACHE:69, SAMPLE-SHORT:17, DRUM-ONESHOT:3, TONAL-HIT:1	WAV:106, NON-AUDIO:69	0
IO Records	204	6879825942	173	523.2	2008-03-10	2022-01-30	25	4			LONG-SESSION	LONG-SESSION:53, SYNTH-STAB:25, ONE-SHOT:24, SONG?:19, CACHE:17, CHOP:14	RAW-PCM:92, AIFF:57, NON-AUDIO:27, WAV:13, FLAC:5	99
Illustraed Man Samples	41	74037050	25	7.5	2005-03-19	2009-09-13	0	0		samples	CACHE	CACHE:16, SAMPLE:12, SECTION-BED:6, SAMPLE-SHORT:3, ONE-SHOT:2, FX:1	AIFF:24, NON-AUDIO:16, RAW-PCM:1	1
Interface Sounds	13	246345603	8	15.5	2007-12-02	2010-08-27	0	0			CACHE	CACHE:5, ONE-SHOT:3, SONG?:2, UNKNOWN:2, LONG-SESSION:1	AIFF:8, NON-AUDIO:5	0
Isomer Transition	167	19611230042	148	1401.1	2003-07-20	2020-06-26	12	2			LONG-SESSION	LONG-SESSION:110, SONG:22, SONG?:13, CACHE:12, FX:7, STEM:3	AIFF:138, NON-AUDIO:19, WAV:6, MP3:4	4
Isomer Transition - 1971	48	5065931810	36	331.3	2007-11-10	2019-05-18	2	1			SONG	SONG:29, CACHE:9, LONG-SESSION:8, FX:2	AIFF:32, NON-AUDIO:12, WAV:3, RAW-PCM:1	1
Isomer Transition - Beginings	11	744637081	7	58.6	2008-03-22	2017-11-14	0	0			LONG-SESSION	LONG-SESSION:5, CACHE:3, SONG:2, FX:1	AIFF:7, NON-AUDIO:4	0
Isomer Transition - Bright Lights Big City	7	350757997	3	22.0	2009-02-27	2010-07-21	0	0			SONG	SONG:3, CACHE:3, FX:1	NON-AUDIO:4, AIFF:3	0
Isomer Transition - Early Tracks	19	1260260072	15	102.0	2009-03-01	2019-05-18	4	3			LONG-SESSION	LONG-SESSION:9, FX:5, SONG:3, STEM:1, BROKEN:1	AIFF:13, NON-AUDIO:3, RAW-PCM:2, EMPTY:1	3
Isomer Transition - Hardware Excursions	4	439488027	2	27.5	2009-09-05	2025-10-19	0	0			SONG	SONG:2, FX:1, CACHE:1	NON-AUDIO:2, AIFF:2	0
Isomer Transition - Mission To Mars	6	500193398	5	31.5	2018-10-23	2019-05-18	0	0			LONG-SESSION	LONG-SESSION:4, FX:1, SONG:1	AIFF:5, NON-AUDIO:1	0
Isomer Transition - Mission to Mars - MDG_011-Masters	11	689034190	8	43.3	2007-12-05	2019-05-18	0	0		masters	SONG	SONG:7, CACHE:3, FX:1	AIFF:7, NON-AUDIO:3, RAW-PCM:1	1
Isomer Transition - Orbits Decaying	13	779376901	7	48.9	2009-02-27	2019-05-18	0	0			CACHE	CACHE:6, LONG-SESSION:4, SONG:2, SONG?:1	AIFF:7, NON-AUDIO:6	0
Isomer Transition - Orbits Decaying Originals	13	688030320	6	43.1	2008-06-17	2010-04-02	0	0			LONG-SESSION	LONG-SESSION:6, CACHE:6, FX:1	NON-AUDIO:7, AIFF:6	0
Isomer Transition - Shadowlands	5	224913445	4	21.2	2018-10-23	2020-03-16	0	0			SONG	SONG:4, FX:1	AIFF:4, NON-AUDIO:1	0
Isomer Transition Tracks	44	3007065558	24	188.4	2009-03-06	2025-12-17	0	0			LONG-SESSION	LONG-SESSION:23, CACHE:19, FX:1, SONG:1	AIFF:23, NON-AUDIO:20, WAV:1	0
Isomer Transitions Masters.zip Folder	8	473544540	4	44.5	2010-03-13	2010-07-22	0	0		masters	SONG	SONG:4, CACHE:4	WAV:4, NON-AUDIO:4	0
Jan Pad Edits	71	47319644	71	0.0	2009-04-13	2009-04-13	0	0		edits	UNKNOWN	UNKNOWN:71	AIFF:71	0
Jarus - mix 5.2.3	33	424642664	32	48.3	2002-09-09	2018-04-06	1	1			SECTION-BED	SECTION-BED:14, SONG?:10, SAMPLE:5, UNKNOWN:1, LONG-SESSION:1, TONAL-HIT:1	RAW-PCM:28, AIFF:3, NON-AUDIO:1, MP3:1	29
Jeremy Idol	1	6148	0	0.0	2011-11-09	2011-11-09	0	0			UNKNOWN	UNKNOWN:1	NON-AUDIO:1	0
Jimmy Hendrix	6	2108731	3	0.1	2011-02-17	2011-03-30	0	0			CACHE	CACHE:3, TONAL-HIT:2, DRUM-ONESHOT:1	AIFF:3, NON-AUDIO:3	0
K-Ta-Klysm S-M-P-L-D Kitt	43	6153262	43	0.4	2009-11-30	2009-11-30	0	0		kit	DRUM-ONESHOT	DRUM-ONESHOT:40, SAMPLE-SHORT:2, FX:1	WAV:43	0
Kit Zips	21	12650034	20	1.2	2004-01-22	2009-03-26	0	0		kit	SAMPLE-SHORT	SAMPLE-SHORT:18, DRUM-ONESHOT:2, UNKNOWN:1	RAW-PCM:20, NON-AUDIO:1	20
Kontakt Patches	10	11920699	10	0.3	2009-04-15	2009-04-17	5	1	NI Kontakt	patches	DRUM-ONESHOT	DRUM-ONESHOT:5, SAMPLE-SHORT:4, UNKNOWN:1	RAW-PCM:5, AIFF:5	5
Kronos Edits	34	18701938	17	1.7	2010-11-29	2011-03-01	0	0		edits	CACHE	CACHE:17, SAMPLE-SHORT:10, SAMPLE:4, ONE-SHOT:3	AIFF:17, NON-AUDIO:17	0
Kronos Quartet and Asha Bhosle	18	674719643	12	63.5	2010-11-26	2010-12-16	1	1			LONG-SESSION	LONG-SESSION:8, CACHE:5, SONG?:3, UNKNOWN:1, SESSION-TAKE:1	AIFC:sowt:12, NON-AUDIO:6	0
LATE breaking news	5	279926	4	0.1	1996-02-03	1996-05-20	0	0			DRUM-ONESHOT	DRUM-ONESHOT:2, SAMPLE-SHORT:1, BROKEN:1, ONE-SHOT:1	AIFF:4, EMPTY:1	1
Late Sunday Loops	6	30913673	3	1.9	2005-06-06	2009-12-10	0	0		loops	CACHE	CACHE:3, SAMPLE:2, SECTION-BED:1	AIFF:3, NON-AUDIO:3	0
Licensing	24	1688298915	16	108.9	2008-11-18	2017-11-14	0	0			LONG-SESSION	LONG-SESSION:15, CACHE:7, UNKNOWN:1, SONG?:1	AIFF:15, NON-AUDIO:8, WAV:1	0
Lil' Wayne = D'Wayne Carter	1	838700	1	0.1	2001-04-18	2001-04-18	0	0			SAMPLE-SHORT	SAMPLE-SHORT:1	RAW-PCM:1	1
M files	2	45834	2	0.0	2004-01-16	2004-01-17	0	0			ONE-SHOT	ONE-SHOT:2	RAW-PCM:2	2
MASTER FILES TO SORT	2	36872	0	0.0	2009-09-05	2022-01-30	1	1		masters	SONG	SONG:2	NON-AUDIO:2	0
MC303 Folder	156	5224737	140	0.9	1988-03-29	2010-02-04	0	0	Roland MC-303		DRUM-ONESHOT	DRUM-ONESHOT:129, CACHE:14, SAMPLE-SHORT:11, BROKEN:1, DOCUMENT:1	WAV:140, NON-AUDIO:15, EMPTY:1	1
MD 09.01.2009	264	193071478	164	5.1	2009-09-02	2010-08-10	1	1			UNKNOWN	UNKNOWN:162, CACHE:99, SECTION-BED:1, SONG?:1, SAMPLE-SHORT:1	AIFF:164, NON-AUDIO:100	0
MD Samples 09.01.2009	323	113607342	161	0.1	2009-09-02	2010-02-15	0	0		samples	UNKNOWN	UNKNOWN:161, CACHE:161, SAMPLE-SHORT:1	NON-AUDIO:162, AIFF:161	0
MD_09.01.2009	166	111824731	161	7.0	2009-09-02	2011-03-27	0	0			CHOP	CHOP:161, CACHE:5	AIFF:161, NON-AUDIO:5	0
"MP3 - Isomer "" Valeo"	53	679679311	51	566.4	2004-10-27	2022-01-30	9	1		renders	SONG	SONG:45, LONG-SESSION:4, ONE-SHOT:2, UNKNOWN:1, DOCUMENT:1	MP3:49, NON-AUDIO:2, RAW-PCM:2	51
MPC Series Samples	313	14034296	255	2.3	2005-08-01	2009-09-07	3	1	Akai MPC	samples	DRUM-ONESHOT	DRUM-ONESHOT:219, CACHE:58, SAMPLE-SHORT:32, CHOP:4	WAV:254, NON-AUDIO:58, RAW-PCM:1	1
Machine Drum	43	283242158	40	10.5	2009-04-15	2010-08-10	1	1			UNKNOWN	UNKNOWN:36, CACHE:3, SONG?:2, SYNTH-STAB:1, LONG-SESSION:1	AIFF:40, NON-AUDIO:3	0
Machinedrum Kicks	20	2720256	10	0.2	2009-05-28	2009-05-28	0	0	Elektron Machinedrum		CACHE	CACHE:10, DRUM-ONESHOT:7, SAMPLE-SHORT:3	AIFF:10, NON-AUDIO:10	0
Machinedrum Samples	16	74195816	11	6.2	2009-05-19	2011-03-27	1	1	Elektron Machinedrum	samples	CACHE	CACHE:4, SAMPLE:3, SECTION-BED:3, SAMPLE-SHORT:2, DRUM-ONESHOT:2, UNKNOWN:1	AIFF:11, NON-AUDIO:5	0
March Set Additions	37	1228178	37	0.1	2011-03-18	2011-03-18	0	0			ONE-SHOT	ONE-SHOT:27, TONAL-HIT:5, LOOP:2, VOCAL:2, SONG?:1	RAW-PCM:37	37
MetaDrums	107	23579563	50	2.2	2003-03-19	2010-02-21	2	1			CACHE	CACHE:56, DRUM-ONESHOT:14, ONE-SHOT:13, SAMPLE-SHORT:6, CHOP:5, SYNTH-STAB:4	NON-AUDIO:57, AIFF:48, RAW-PCM:2	2
Microcosm - the lost tracks	22	748707456	22	70.7	2010-01-12	2010-01-12	0	0			LONG-SESSION	LONG-SESSION:9, SAMPLE:6, STEM:4, SAMPLE-SHORT:3	AIFC:sowt:22	0
Miller Valeo Edits	48	70998090	24	12.9	2009-12-01	2009-12-06	0	0		edits	CACHE	CACHE:24, SAMPLE-SHORT:7, TONAL-HIT:6, SAMPLE:6, LOOP:2, LONG-SESSION:1	AIFF:24, NON-AUDIO:24	0
Miller Valeo Sessions	21	556229966	11	84.9	2009-11-06	2010-02-20	0	0		sessions	CACHE	CACHE:10, LONG-SESSION:8, SESSION-TAKE:2, SECTION-BED:1	AIFF:11, NON-AUDIO:10	0
Modified Four	16	1493426380	13	94.0	2009-06-04	2010-07-22	0	0			LONG-SESSION	LONG-SESSION:13, CACHE:3	AIFF:13, NON-AUDIO:3	0
Mono - drums	151	38422066	149	6.4	1993-08-19	2010-02-25	30	2			CHOP	CHOP:116, SAMPLE-SHORT:19, ONE-SHOT:9, SAMPLE:4, UNKNOWN:2, SECTION-BED:1	RAW-PCM:134, MP3:15, NON-AUDIO:2	149
Monopoly	153	125029773	88	3.6	2009-02-04	2010-08-10	3	1			UNKNOWN	UNKNOWN:79, CACHE:63, SYNTH-STAB:8, SAMPLE:2, SONG?:1	AIFF:88, NON-AUDIO:65	0
Motif_Hip_Hop	50	6214404	50	0.6	2004-03-21	2004-03-21	0	0			ONE-SHOT	ONE-SHOT:22, DRUM-ONESHOT:17, CHOP:5, SAMPLE-SHORT:3, SYNTH-STAB:1, LOOP:1	WAV:50	0
Mountain Parts	27	2934330983	22	184.7	2007-09-01	2010-04-01	0	0			LONG-SESSION	LONG-SESSION:22, CACHE:5	AIFF:22, NON-AUDIO:5	0
NEVER RELEASED	11	336797590	10	29.7	2000-05-07	2009-09-05	0	0			SONG?	SONG?:6, UNKNOWN:1, SAMPLE:1, SONG:1, SECTION-BED:1, LONG-SESSION:1	AIFF:10, NON-AUDIO:1	0
NI Studio Drums Disc 01	1972	588900038	1957	72.9	2001-06-05	2008-03-14	26	2			CHOP	CHOP:1408, DRUM-ONESHOT:528, DOCUMENT:15, ONE-SHOT:14, SAMPLE:6, SAMPLE-SHORT:1	WAV:1922, RAW-PCM:35, NON-AUDIO:15	35
NI Studio Drums Disc 02	1263	618883912	1247	77.9	2001-06-05	2008-03-14	10	2			CHOP	CHOP:1160, DRUM-ONESHOT:73, DOCUMENT:15, ONE-SHOT:14, BROKEN:1	WAV:1228, RAW-PCM:19, NON-AUDIO:15, EMPTY:1	20
NS Kit Free	14	224508543	14	21.2	2006-03-29	2006-05-18	0	0		kit	SECTION-BED	SECTION-BED:8, SONG?:4, LONG-SESSION:1, DRUM-ONESHOT:1	RAW-PCM:14	14
NYC Field Recordings	257	674511555	152	61.2	2000-06-22	2025-12-18	0	0		sessions	CACHE	CACHE:105, PAD-BED:93, SAMPLE-SHORT:33, SONG?:7, ONE-SHOT:6, CHOP:6	AIFF:122, NON-AUDIO:105, RAW-PCM:30	30
Neptunes_Drum_Kits	1140	93692967	944	11.8	2001-08-23	2011-01-11	15	2		kit	DRUM-ONESHOT	DRUM-ONESHOT:832, CACHE:192, SAMPLE-SHORT:76, CHOP:21, VOCAL:5, SAMPLE:5	WAV:940, NON-AUDIO:195, RAW-PCM:3, AIFF:1, EMPTY:1	4
Night Gowns	27	20286504	27	3.1	2001-04-17	2001-04-21	0	0			CHOP	CHOP:26, SAMPLE:1	AIFF:27	0
Nord Lead	14	55537963	7	3.4	2009-04-15	2025-04-18	0	0			CACHE	CACHE:7, SAMPLE-SHORT:4, SAMPLE:1, PAD-BED:1, SESSION-TAKE:1	AIFF:7, NON-AUDIO:7	0
Nov 2012 Edits	44	103657555	23	6.5	2012-11-01	2019-04-09	0	0		edits	CACHE	CACHE:21, CHOP:6, DRUM-ONESHOT:6, SAMPLE:6, ONE-SHOT:3, DRUM-HIT-LONG:1	AIFF:23, NON-AUDIO:21	0
OB-1 Bass Sounds	141	89111617	70	5.6	2009-02-04	2009-09-01	2	2			CACHE	CACHE:71, CHOP:66, ONE-SHOT:3, SONG?:1	NON-AUDIO:71, WAV:69, AIFF:1	0
Oberheim DMX	52	560356	36	0.2	2003-02-03	2009-10-07	0	0	Oberheim DMX		DRUM-ONESHOT	DRUM-ONESHOT:34, CACHE:16, SAMPLE-SHORT:2	WAV:36, NON-AUDIO:16	0
Oberheim DX 44.1	37	936017	36	0.2	2003-02-23	2004-11-21	0	0	Oberheim		DRUM-ONESHOT	DRUM-ONESHOT:34, SAMPLE-SHORT:2, CACHE:1	AIFF:36, NON-AUDIO:1	0
Old Project Archive	3691	18919326907	3033	3449.0	1995-05-25	2022-01-30	235	4		archive	DRUM-ONESHOT	DRUM-ONESHOT:967, CACHE:603, CHOP:460, SAMPLE-SHORT:343, SONG?:242, SAMPLE:239	RAW-PCM:1267, WAV:889, AIFF:735, NON-AUDIO:631, MP3:142	1436
Pandatone Guitars	351	2681590233	189	167.8	2009-01-26	2025-04-18	13	5			CACHE	CACHE:158, SAMPLE:39, UNKNOWN:34, SAMPLE-SHORT:31, SECTION-BED:29, CHOP:18	AIFF:187, NON-AUDIO:161, RAW-PCM:2, EMPTY:1	3
Parametric Groups	29	1808627137	24	113.8	2009-09-08	2010-04-01	0	0			LONG-SESSION	LONG-SESSION:15, SONG?:5, CACHE:4, SECTION-BED:2, UNKNOWN:1, SAMPLE:1	AIFF:24, NON-AUDIO:5	0
Parametric Pressure	41	2069994116	21	129.9	2009-09-07	2009-09-11	0	0			LONG-SESSION	LONG-SESSION:21, CACHE:20	AIFF:21, NON-AUDIO:20	0
Part Renderes	30	422197878	15	26.4	2009-10-23	2009-10-23	0	0		renders	CACHE	CACHE:15, SONG:14, SECTION-BED:1	AIFF:15, NON-AUDIO:15	0
Pelligrino Parts	37	639974212	18	40.1	2009-06-04	2009-09-06	0	0			CACHE	CACHE:18, STEM:7, SECTION-BED:6, SAMPLE:3, LONG-SESSION:2, UNKNOWN:1	NON-AUDIO:19, AIFF:18	0
Percs and Noides	13	1176487592	10	78.3	2005-06-18	2009-12-11	0	0			SONG?	SONG?:7, LONG-SESSION:3, CACHE:2, UNKNOWN:1	AIFF:10, NON-AUDIO:3	0
Pewter Audio Bits	4	70391075	2	6.6	2008-08-14	2011-04-29	0	0			SONG?	SONG?:2, UNKNOWN:1, CACHE:1	NON-AUDIO:2, AIFF:2	0
Processed Drum Sounds	20	1084033952	18	68.3	2005-07-16	2009-11-20	0	0			SONG?	SONG?:9, LONG-SESSION:4, SAMPLE:3, SECTION-BED:2, UNKNOWN:1, CACHE:1	AIFF:18, NON-AUDIO:2	0
Processing	49	362233650	27	39.6	2007-07-09	2009-12-11	0	0			CACHE	CACHE:21, SECTION-BED:9, SONG?:7, LONG-SESSION:3, CHOP:3, SAMPLE:2	AIFF:24, NON-AUDIO:22, RAW-PCM:2, MP3:1	3
REverbs	4	9311026	2	0.6	2009-04-13	2009-08-29	0	0			SAMPLE	SAMPLE:2, CACHE:2	AIFF:2, NON-AUDIO:2	0
RJ Valeo	51	3901989521	51	297.7	2000-05-07	2011-04-19	0	0			SONG?	SONG?:24, LONG-SESSION:20, SONG:5, SECTION-BED:1, ONE-SHOT:1	AIFF:43, WAV:7, MP3:1	1
RJ Valeo - Diaspora Project	61	4279192216	36	275.6	2007-10-17	2019-11-28	6	3			LONG-SESSION	LONG-SESSION:25, CACHE:19, SONG?:8, UNKNOWN:5, ONE-SHOT:2, BROKEN:1	AIFF:34, NON-AUDIO:24, RAW-PCM:2, EMPTY:1	3
RJ Valeo - Diaspora_Project	8	1558314460	7	107.9	2005-12-01	2010-08-06	0	0			LONG-SESSION	LONG-SESSION:7, UNKNOWN:1	AIFF:7, NON-AUDIO:1	0
RJ Valeo - HI-12	9	180261612	4	16.8	2008-02-26	2009-09-05	0	0			SONG?	SONG?:4, CACHE:4, UNKNOWN:1	NON-AUDIO:5, AIFF:4	0
RJ Valeo - Live Performance Recordings	8	4151871969	6	811.5	2003-12-05	2019-05-10	0	0		sessions	LONG-SESSION	LONG-SESSION:6, UNKNOWN:1, CACHE:1	AIFF:5, NON-AUDIO:2, MP3:1	1
RJ Valeo - Microcosm	15	791680230	14	74.8	2001-04-27	2012-12-03	0	0			LONG-SESSION	LONG-SESSION:8, SONG?:4, UNKNOWN:1, SONG:1, STEM:1	AIFF:13, NON-AUDIO:1, RAW-PCM:1	1
RJ Valeo - September B-Sides	12	484358615	8	39.0	2001-04-27	2017-11-14	0	0			SONG?	SONG?:5, CACHE:3, LONG-SESSION:2, UNKNOWN:1, SONG:1	AIFF:7, NON-AUDIO:4, WAV:1	0
RJ Valeo - September [master]	9	412490114	9	39.0	2003-02-25	2008-04-19	0	0		masters	SONG	SONG:8, SONG?:1	AIFF:8, RAW-PCM:1	1
RJ Valeo - jarus	4	169373002	3	16.0	2002-09-11	2012-12-03	0	0			LONG-SESSION	LONG-SESSION:2, UNKNOWN:1, SONG:1	RAW-PCM:2, NON-AUDIO:1, AIFF:1	2
RJ Valeo - sunrise remastered	15	648378326	12	61.0	2000-03-21	2019-12-30	1	1			SONG	SONG:6, CACHE:2, SAMPLE:2, UNKNOWN:1, LONG-SESSION:1, SECTION-BED:1	AIFF:7, RAW-PCM:5, NON-AUDIO:3	5
RJ Valeo Vintage	40	600020741	38	395.7	2006-11-01	2020-02-26	10	1			LONG-SESSION	LONG-SESSION:30, UNKNOWN:7, SONG?:1, SONG:1, SECTION-BED:1	MP3:32, MP4/M4A:5, NON-AUDIO:2, RAW-PCM:1	33
RJ_Drumz	21	799706490	14	151.1	2010-02-07	2010-11-23	0	0			LONG-SESSION	LONG-SESSION:14, BROKEN:6, UNKNOWN:1	AIFF:14, EMPTY:6, NON-AUDIO:1	6
RY30	199	7823485	99	1.4	2008-05-19	2009-11-30	0	0			CACHE	CACHE:99, ONE-SHOT:76, SAMPLE-SHORT:23, DOCUMENT:1	NON-AUDIO:100, WAV:99	0
Record Noise	4	1491830	2	0.1	2009-11-30	2009-12-06	0	0			CACHE	CACHE:2, TONAL-HIT:1, SAMPLE-SHORT:1	AIFF:2, NON-AUDIO:2	0
Record Recordings	900	953788045	751	59.3	2011-02-24	2025-04-18	14	4		sessions	ONE-SHOT	ONE-SHOT:425, CHOP:260, CACHE:146, SAMPLE-SHORT:39, SAMPLE:14, DRUM-ONESHOT:6	AIFF:749, NON-AUDIO:148, RAW-PCM:2, EMPTY:1	3
Recovered Files	15	7733760	14	1.6	1996-02-15	1996-12-17	0	0			CHOP	CHOP:12, BROKEN:1, SAMPLE:1, SECTION-BED:1	AIFF:14, EMPTY:1	1
Recovered Sounds	81	35956901	63	4.9	1995-05-29	2010-02-21	0	0			CHOP	CHOP:43, CACHE:17, ONE-SHOT:15, DRUM-ONESHOT:2, SAMPLE:2, BROKEN:1	AIFF:63, NON-AUDIO:17, EMPTY:1	1
Reggae Drums	161	162263098	153	15.3	2005-08-01	2009-09-05	6	1			CHOP	CHOP:72, DRUM-HIT-LONG:44, DRUM-ONESHOT:29, CACHE:8, SAMPLE:7, ONE-SHOT:1	WAV:152, NON-AUDIO:8, RAW-PCM:1	1
Richard J Valeo	59	1845614197	54	740.4	2008-09-26	2020-06-26	13	1			LONG-SESSION	LONG-SESSION:46, SONG?:6, CACHE:4, UNKNOWN:1, SONG:1, SESSION-TAKE:1	MP3:53, NON-AUDIO:5, AIFF:1	53
Richard J Valeo - Basement Tapes Series	18	843150652	10	78.3	2001-08-23	2017-11-14	0	0			CACHE	CACHE:8, LONG-SESSION:6, SONG?:3, SESSION-TAKE:1	AIFF:10, NON-AUDIO:8	0
Richard J Valeo - Days	10	482788798	6	30.3	2009-02-27	2012-12-03	0	0			CACHE	CACHE:4, SONG:3, LONG-SESSION:2, SONG?:1	AIFF:6, NON-AUDIO:4	0
Richard J Valeo - Devolution Complete	22	1560800166	21	147.5	2008-02-27	2009-09-05	0	0			LONG-SESSION	LONG-SESSION:15, SONG?:6, UNKNOWN:1	AIFF:21, NON-AUDIO:1	0
Richard J Valeo - Diaspora	16	783064160	8	47.8	2007-10-16	2010-02-15	0	0			CACHE	CACHE:8, LONG-SESSION:5, SONG?:3	AIFF:8, NON-AUDIO:8	0
Richard J Valeo - Hardware_Excursions_Volume_1	5	260116240	2	16.3	2009-02-28	2009-03-13	0	0			LONG-SESSION	LONG-SESSION:2, CACHE:2, UNKNOWN:1	NON-AUDIO:3, WAV:2	0
Richard J Valeo - Live Exerpts	4	188493902	3	17.8	2009-09-05	2012-12-03	0	0			LONG-SESSION	LONG-SESSION:2, UNKNOWN:1, SESSION-TAKE:1	AIFF:3, NON-AUDIO:1	0
Richard J Valeo - Programatic Responses	12	1795490137	11	113.1	2006-03-28	2008-05-14	0	0			LONG-SESSION	LONG-SESSION:8, SECTION-BED:2, CACHE:1, ONE-SHOT:1	AIFF:8, WAV:2, NON-AUDIO:1, RAW-PCM:1	1
Richard J Valeo - Programmatic Responses	28	2317981270	24	200.5	2008-04-26	2020-06-12	7	1			LONG-SESSION	LONG-SESSION:12, ONE-SHOT:8, SECTION-BED:4, CACHE:3, UNKNOWN:1	RAW-PCM:8, AIFF:8, NON-AUDIO:4, MP3:4, WAV:4	12
Richard J Valeo Tracks	19	1067673701	13	68.9	2008-06-03	2020-06-10	2	1			LONG-SESSION	LONG-SESSION:7, STEM:4, UNKNOWN:3, CACHE:3, SONG:1, ONE-SHOT:1	AIFF:8, NON-AUDIO:6, RAW-PCM:3, WAV:2	3
SD2 Files	3	473178	2	0.0	2004-01-23	2004-01-23	0	0			SAMPLE-SHORT	SAMPLE-SHORT:2, BROKEN:1	AIFF:1, RAW-PCM:1, EMPTY:1	2
Samples	445	4031102593	379	329.8	1994-09-08	2022-01-30	39	4		samples	CHOP	CHOP:93, DRUM-ONESHOT:74, CACHE:55, SAMPLE-SHORT:53, SONG?:32, SAMPLE:30	AIFF:202, WAV:164, NON-AUDIO:66, RAW-PCM:9, MP3:4	13
San Pellegrino	16	1623484436	13	102.2	2009-05-28	2010-04-02	0	0			LONG-SESSION	LONG-SESSION:9, SONG:4, CACHE:3	AIFF:12, NON-AUDIO:3, WAV:1	0
Select_Samples	95	6553028	46	1.1	1995-07-30	2011-10-22	4	1		samples	CACHE	CACHE:46, DRUM-ONESHOT:14, SAMPLE-SHORT:14, ONE-SHOT:13, UNKNOWN:2, CHOP:2	NON-AUDIO:48, AIFF:29, RAW-PCM:9, WAV:6, MP3:2	12
Shadowlands EP  (Vinyl)	4	28091724	3	25.7	2007-08-17	2011-03-08	0	0			LONG-SESSION	LONG-SESSION:3, UNKNOWN:1	MP3:3, NON-AUDIO:1	3
Sharp Metalic Jabs and Stabs	224	10798069	208	1.0	2000-04-22	2009-09-13	0	0			ONE-SHOT	ONE-SHOT:189, CACHE:16, CHOP:11, DRUM-ONESHOT:5, SAMPLE-SHORT:3	RAW-PCM:202, NON-AUDIO:16, AIFF:5, MP3:1	203
Slurpy Percussion	205	14843683	194	1.9	2005-03-19	2010-02-21	0	0			ONE-SHOT	ONE-SHOT:165, SAMPLE-SHORT:17, CHOP:12, CACHE:11	AIFF:193, NON-AUDIO:11, RAW-PCM:1	1
Sounds	93	273596841	78	34.3	2000-09-01	2007-09-01	5	1			CHOP	CHOP:19, SAMPLE-SHORT:18, SAMPLE:17, CACHE:15, SECTION-BED:11, SONG?:6	AIFF:74, NON-AUDIO:15, RAW-PCM:4	4
Sounds for Devotion show	2	10560389	1	0.7	2010-08-10	2010-08-10	0	0			SECTION-BED	SECTION-BED:1, CACHE:1	AIFF:1, NON-AUDIO:1	0
Stefny Remix	5	478837290	5	30.2	2009-09-21	2009-09-22	0	0			LONG-SESSION	LONG-SESSION:5	AIFF:5	0
Stefny_Echinodon_Archipel_Parts	40	14624227	19	1.4	2009-08-17	2009-09-18	0	0			CACHE	CACHE:20, SAMPLE-SHORT:11, SAMPLE:3, CHOP:3, FX:2, UNKNOWN:1	NON-AUDIO:21, AIFF:19	0
Swiging, Modified, 6 + 2	34	2355185856	24	148.1	2009-09-08	2009-09-08	0	0			LONG-SESSION	LONG-SESSION:20, CACHE:9, SONG?:2, UNKNOWN:1, SAMPLE-SHORT:1, STEM:1	AIFF:24, NON-AUDIO:10	0
TET - Microcosm	12	753985344	12	71.2	2012-12-02	2012-12-02	0	0			LONG-SESSION	LONG-SESSION:9, STEM:3	AIFC:sowt:12	0
TFIB Feb 2009	53	5208050733	43	327.8	2009-02-17	2022-01-30	2	2			LONG-SESSION	LONG-SESSION:40, CACHE:8, SONG:3, UNKNOWN:1, FX:1	AIFF:43, NON-AUDIO:10	0
TR808WAV	136	12761893	116	2.4	1994-09-08	2009-10-10	16	1	TR-808		DRUM-ONESHOT	DRUM-ONESHOT:61, CHOP:55, CACHE:18, UNKNOWN:1, DOCUMENT:1	WAV:116, NON-AUDIO:20	0
Tape Rips	7	1483645082	5	93.3	2011-12-17	2011-12-26	0	0			LONG-SESSION	LONG-SESSION:5, CACHE:2	AIFF:5, NON-AUDIO:2	0
The Fantom Drum Collection	1611	96021996	1064	8.8	2005-07-11	2009-09-26	0	0			CACHE	CACHE:547, CHOP:509, ONE-SHOT:415, DRUM-ONESHOT:140	WAV:1064, NON-AUDIO:547	0
Track Part Renders	44	1393916408	31	87.5	2009-02-07	2022-01-30	2	1		renders	SONG	SONG:31, CACHE:12, UNKNOWN:1	AIFF:31, NON-AUDIO:13	0
Transelectronic Audio	5	469466845	4	37.5	2004-11-24	2010-03-11	0	0			LONG-SESSION	LONG-SESSION:3, SAMPLE-SHORT:1, CACHE:1	AIFF:3, WAV-float32:1, NON-AUDIO:1	0
Transelectronic Theory	159	11327950058	154	1446.0	1999-01-19	2020-06-13	1	1			LONG-SESSION	LONG-SESSION:93, SONG?:50, SONG:5, CACHE:3, UNKNOWN:2, SAMPLE:2	AIFF:110, RAW-PCM:36, MP3:8, NON-AUDIO:5	44
Unreleased Tracks	25	1261507029	12	79.1	2009-02-27	2022-01-30	1	1			CACHE	CACHE:11, SONG:8, LONG-SESSION:4, UNKNOWN:1, SESSION-TAKE:1	NON-AUDIO:13, AIFF:12	0
Up The Sync ƒ	17	428399657	16	38.6	1998-08-09	2018-02-25	0	0			SONG?	SONG?:5, ONE-SHOT:4, LONG-SESSION:3, SECTION-BED:2, UNKNOWN:1, DRUM-ONESHOT:1	AIFF:11, RAW-PCM:5, NON-AUDIO:1	5
VDMforBattery3	2315	331650331	1514	28.1	2009-02-24	2022-01-30	31	4			CACHE	CACHE:795, ONE-SHOT:698, DRUM-ONESHOT:557, SAMPLE-SHORT:140, CHOP:97, SAMPLE:11	WAV:1468, NON-AUDIO:801, RAW-PCM:46	46
Verb Edits	24	189735914	12	11.7	2009-04-17	2010-08-10	0	0		edits	CACHE	CACHE:12, SECTION-BED:7, SAMPLE:3, SONG?:2	NON-AUDIO:12, AIFF:10, WAV:1, WAV-float32:1	0
Vocal Forge	826	2460155357	822	232.4	2005-08-16	2010-01-21	89	5			ONE-SHOT	ONE-SHOT:810, LOOP:8, UNKNOWN:4, LONG-SESSION:2, SAMPLE-SHORT:1, VOCAL:1	RAW-PCM:822, NON-AUDIO:4	822
Vocals	18	108473073	12	14.9	2006-06-08	2010-03-11	0	0			CACHE	CACHE:6, SECTION-BED:4, SAMPLE-SHORT:3, SAMPLE:3, LONG-SESSION:1, SONG?:1	AIFF:8, NON-AUDIO:6, MP3:4	4
VoxyBabe	22	160536248	14	10.1	2007-06-30	2007-06-30	0	0			SECTION-BED	SECTION-BED:12, CACHE:8, ONE-SHOT:1, VOCAL:1	AIFF:13, NON-AUDIO:8, RAW-PCM:1	1
Weather Report	63	108927231	33	3.3	2009-11-30	2018-02-25	0	0			CACHE	CACHE:30, UNKNOWN:23, CHOP:5, SYNTH-STAB:3, SONG?:1, SAMPLE:1	AIFF:33, NON-AUDIO:30	0
Weird Channels	13	48771819	7	3.0	2007-06-30	2010-01-10	0	0			SECTION-BED	SECTION-BED:6, CACHE:6, ONE-SHOT:1	AIFF:6, NON-AUDIO:6, RAW-PCM:1	1
WelcomeBackParts	15	64898639	9	4.1	2007-06-30	2008-04-18	0	0			SECTION-BED	SECTION-BED:8, CACHE:6, ONE-SHOT:1	AIFF:8, NON-AUDIO:6, RAW-PCM:1	1
Wizoo Electric Pianos	408	32917713	408	6.1	2001-05-30	2001-06-11	5	2			ONE-SHOT	ONE-SHOT:199, SAMPLE-SHORT:121, CHOP:84, TONAL-HIT:4	WAV:248, RAW-PCM:160	160
Wizoo Electronic Toolkit	1303	175390825	1303	24.8	2000-03-25	2001-06-11	12	3			CHOP	CHOP:755, ONE-SHOT:409, DRUM-ONESHOT:96, SAMPLE-SHORT:30, TONAL-HIT:12, FX:1	AIFF:576, WAV:441, RAW-PCM:286	286
Wizoo Organs	70	18129485	70	1.7	2001-05-30	2001-06-11	2	2			SAMPLE-SHORT	SAMPLE-SHORT:49, ONE-SHOT:21	WAV:54, RAW-PCM:16	16
Wizoo XXL Acoustic Piano	80	191360534	80	12.1	2001-06-08	2001-06-11	2	2			SAMPLE-SHORT	SAMPLE-SHORT:34, SAMPLE:21, ONE-SHOT:20, SECTION-BED:4, TONAL-HIT:1	WAV:30, AIFF:29, RAW-PCM:21	21
Wizoo XXL Drums & Percussion	440	246542011	438	15.6	1999-09-07	2009-09-05	2	2			CHOP	CHOP:220, ONE-SHOT:118, SAMPLE-SHORT:77, SAMPLE:14, DRUM-HIT-LONG:5, DRUM-ONESHOT:4	AIFF:367, RAW-PCM:53, WAV:18, NON-AUDIO:1, EMPTY:1	54
XL-p_01	222	21179709	145	0.0	2005-08-01	2010-06-12	0	0			UNKNOWN	UNKNOWN:145, CACHE:77	AIFF:145, NON-AUDIO:77	0
XL-p_01 bits	164	20917564	145	0.0	2005-08-01	2008-03-31	1	1			UNKNOWN	UNKNOWN:145, CACHE:19	AIFF:145, NON-AUDIO:19	0
XL-p_04[tricky]	162	90637213	133	0.0	2005-08-01	2010-06-12	0	0			UNKNOWN	UNKNOWN:133, CACHE:29	AIFF:133, NON-AUDIO:29	0
Yonkers Piano	79	590713881	69	39.0	2005-03-19	2009-09-07	0	0			SYNTH-STAB	SYNTH-STAB:14, SAMPLE-SHORT:13, SECTION-BED:12, SAMPLE:12, ONE-SHOT:7, BROKEN:7	AIFF:69, EMPTY:7, NON-AUDIO:3	7
[KB6]_EMU_SP-12	65	1705266	32	0.3	2000-04-06	2010-02-18	0	0			CACHE	CACHE:32, DRUM-ONESHOT:30, CHOP:2, DOCUMENT:1	NON-AUDIO:33, WAV:32	0
[KB6]_Keio_Checkmate	14	426389	10	0.1	2004-04-06	2010-02-21	0	0			CHOP	CHOP:6, ONE-SHOT:4, CACHE:3, DOCUMENT:1	WAV:10, NON-AUDIO:4	0
[KB6]_Linn_LM-1	24	719781	19	0.1	1996-01-19	2010-02-21	0	0			DRUM-ONESHOT	DRUM-ONESHOT:10, ONE-SHOT:8, CACHE:4, SAMPLE-SHORT:1, DOCUMENT:1	WAV:19, NON-AUDIO:5	0
[KB6]_Mattel_Electronics_Synsonics_DRM	15	1465055	7	0.3	2000-01-19	2010-11-26	0	0			SAMPLE-SHORT	SAMPLE-SHORT:7, CACHE:7, DOCUMENT:1	NON-AUDIO:8, WAV:7	0
[KB6]_Moog_Modular55	67	1607316	35	0.3	2008-12-12	2010-11-26	0	0			DRUM-ONESHOT	DRUM-ONESHOT:35, CACHE:31, DOCUMENT:1	WAV:35, NON-AUDIO:32	0
[KB6]_Panasonic_RD-9844	13	321947	6	0.1	2008-12-12	2010-02-18	0	0			CACHE	CACHE:6, CHOP:3, ONE-SHOT:2, DRUM-ONESHOT:1, DOCUMENT:1	NON-AUDIO:7, WAV:6	0
[KB6]_Serge_Modular	16	107859	8	0.0	1999-02-16	2010-11-26	0	0			ONE-SHOT	ONE-SHOT:8, CACHE:7, DOCUMENT:1	WAV:8, NON-AUDIO:8	0
[KB6]_Simmons_SDS2000	75	2439121	40	0.4	2004-04-06	2010-02-21	8	1			DRUM-ONESHOT	DRUM-ONESHOT:40, CACHE:33, UNKNOWN:1, DOCUMENT:1	WAV:40, NON-AUDIO:35	0
[KB6]_Vermona_DRM1	81	1037336	40	0.2	2004-04-06	2010-02-18	0	0			CACHE	CACHE:40, ONE-SHOT:39, SAMPLE-SHORT:1, DOCUMENT:1	NON-AUDIO:41, WAV:40	0
a small outcropping projects +	461	3711856378	412	504.1	2003-12-06	2018-04-06	14	2			SONG?	SONG?:91, ONE-SHOT:82, SAMPLE:64, SAMPLE-SHORT:53, CACHE:48, DRUM-ONESHOT:39	RAW-PCM:235, WAV:140, NON-AUDIO:49, AIFF:24, MP3:13	248
aardvark	27	1579013	21	0.3	2001-09-04	2018-04-06	1	1			ONE-SHOT	ONE-SHOT:14, SAMPLE-SHORT:5, CACHE:5, UNKNOWN:1, DRUM-ONESHOT:1, SYNTH-STAB:1	AIFF:16, NON-AUDIO:6, RAW-PCM:5	5
absynth	58	114383561	38	12.4	2002-11-24	2011-03-19	0	0	NI Absynth		CACHE	CACHE:20, SAMPLE:11, SAMPLE-SHORT:10, SECTION-BED:7, DRUM-ONESHOT:4, LOOP:3	AIFF:34, NON-AUDIO:20, RAW-PCM:3, WAV:1	3
access	20	1579632	20	0.3	2007-05-13	2007-05-13	0	0			ONE-SHOT	ONE-SHOT:10, CHOP:7, SAMPLE-SHORT:3	WAV:20	0
acetone_rhythm_ace	28	1162708	28	0.1	2008-01-09	2008-01-09	0	0			ONE-SHOT	ONE-SHOT:15, CHOP:7, DRUM-ONESHOT:6	WAV-float32:28	0
acetone_rhythm_king	10	1668080	10	0.1	2008-01-09	2008-01-09	0	0			DRUM-ONESHOT	DRUM-ONESHOT:6, ONE-SHOT:4	WAV-float32:10	0
acetone_rhythm_master	14	2144720	14	0.2	2008-01-09	2008-01-09	0	0			DRUM-ONESHOT	DRUM-ONESHOT:7, ONE-SHOT:7	WAV-float32:14	0
acoustic drums	27	5053343	26	0.7	2004-01-15	2008-04-25	0	0			DRUM-ONESHOT	DRUM-ONESHOT:18, DRUM-HIT-LONG:4, ONE-SHOT:2, SAMPLE:1, CACHE:1, SAMPLE-SHORT:1	AIFF:25, NON-AUDIO:1, RAW-PCM:1	1
ajk_percusyn	10	1572784	10	0.1	2008-01-09	2008-01-09	0	0			DRUM-ONESHOT	DRUM-ONESHOT:6, ONE-SHOT:4	WAV-float32:10	0
akai	116	11551750	112	1.0	2008-01-09	2011-03-03	6	2	Akai		DRUM-ONESHOT	DRUM-ONESHOT:106, SAMPLE-SHORT:5, DOCUMENT:2, UNKNOWN:1, CACHE:1, DRUM-HIT-LONG:1	WAV-float32:111, NON-AUDIO:4, WAV:1	0
alesis	815	82237793	789	7.3	1996-11-29	2009-11-21	7	2	Alesis		DRUM-ONESHOT	DRUM-ONESHOT:711, CHOP:42, SAMPLE-SHORT:35, CACHE:26, FX:1	WAV-float32:754, WAV:35, NON-AUDIO:26	0
amens	81	5124168	80	0.7	2001-10-09	2002-04-21	3	1			ONE-SHOT	ONE-SHOT:56, CHOP:17, SAMPLE-SHORT:7, CACHE:1	RAW-PCM:54, AIFF:26, NON-AUDIO:1	54
analog drums and waves	57	1934387	35	0.4	1995-12-06	2010-02-04	0	0			CACHE	CACHE:21, ONE-SHOT:19, DRUM-ONESHOT:9, SAMPLE-SHORT:4, CHOP:1, BROKEN:1	AIFF:31, NON-AUDIO:21, RAW-PCM:3, EMPTY:1, MP3:1	5
april cage chops	74	395475770	62	25.2	2011-04-02	2011-04-10	0	0		chops	CHOP	CHOP:17, SAMPLE:15, SAMPLE-SHORT:13, CACHE:12, SONG?:7, ONE-SHOT:6	AIFF:56, NON-AUDIO:12, RAW-PCM:6	6
april_cage_bits	180	36680166	179	0.0	2011-04-02	2011-04-05	0	0			UNKNOWN	UNKNOWN:180	AIFF:179, NON-AUDIO:1	0
april_miller	20	289326708	20	18.2	2011-04-16	2011-04-19	0	0			ONE-SHOT	ONE-SHOT:12, SAMPLE-SHORT:5, SONG?:1, TONAL-HIT:1, LONG-SESSION:1	AIFF:20	0
april_mp_bits	355	20716112	355	0.0	2011-04-02	2011-04-02	0	0			UNKNOWN	UNKNOWN:355	AIFF:355	0
april_nonesuch	33	239193758	23	15.4	2011-04-04	2011-04-13	0	0			CACHE	CACHE:10, SAMPLE:10, SAMPLE-SHORT:6, SECTION-BED:3, SONG?:3, ONE-SHOT:1	AIFF:19, NON-AUDIO:10, RAW-PCM:4	4
april_nonesuch_edits	224	28968230	224	0.0	2011-04-05	2011-04-05	0	0		edits	UNKNOWN	UNKNOWN:224	AIFF:224	0
april_numan	14	95557619	9	6.3	2011-04-04	2011-04-13	1	1			CACHE	CACHE:5, SAMPLE:5, SAMPLE-SHORT:2, SONG?:1, PAD-BED:1	AIFF:5, NON-AUDIO:5, RAW-PCM:4	4
april_numan_bits	99	7851563	62	0.0	2011-04-05	2012-12-05	0	0			UNKNOWN	UNKNOWN:62, CACHE:37	AIFF:62, NON-AUDIO:37	0
april_rehaish	2	44070724	2	2.8	2011-04-04	2011-04-04	0	0			SONG?	SONG?:1, PAD-BED:1	AIFF:2	0
april_rnd_bits	20	10297880	16	0.0	2011-04-05	2011-04-13	0	0			UNKNOWN	UNKNOWN:16, CACHE:4	AIFF:16, NON-AUDIO:4	0
april_shankar	38	58552934	22	3.8	2011-04-07	2012-05-25	0	0			CACHE	CACHE:16, SAMPLE:11, SAMPLE-SHORT:10, SECTION-BED:1	AIFF:19, NON-AUDIO:16, RAW-PCM:3	3
april_shankar_bits	81	11522704	79	0.0	2011-04-07	2012-05-25	0	0			UNKNOWN	UNKNOWN:79, CACHE:2	AIFF:79, NON-AUDIO:2	0
artmatik'd	2	1769472	2	0.2	2002-11-11	2002-11-11	0	0			SAMPLE-SHORT	SAMPLE-SHORT:2	RAW-PCM:2	2
asperatone	67	73572573	52	7.4	2002-04-08	2018-04-06	1	1			SAMPLE-SHORT	SAMPLE-SHORT:24, ONE-SHOT:14, CACHE:13, SAMPLE:6, CHOP:4, UNKNOWN:2	AIFF:49, NON-AUDIO:15, RAW-PCM:3	3
atman - finals	27	1429697501	13	89.7	2008-05-10	2010-08-27	0	0		masters	SONG	SONG:14, CACHE:13	NON-AUDIO:14, AIFF:13	0
atman finals	21	1326187292	10	65.7	2010-03-17	2011-01-05	0	0		masters	SONG	SONG:11, CACHE:10	NON-AUDIO:11, WAV-float32:9, AIFF:1	0
atman_24bit_masters	17	1046618539	11	65.8	2010-06-22	2012-12-03	0	0		masters	SONG	SONG:10, CACHE:5, UNKNOWN:1, SAMPLE-SHORT:1	WAV:10, NON-AUDIO:6, RAW-PCM:1	1
aug 95	93	22103695	42	3.0	1995-08-21	2013-03-07	0	0			CACHE	CACHE:51, SAMPLE-SHORT:19, ONE-SHOT:15, DRUM-ONESHOT:5, TONAL-HIT:1, SAMPLE:1	NON-AUDIO:51, AIFF:40, RAW-PCM:2	2
august percussion	46	171444455	28	17.7	2004-08-28	2009-09-07	1	1			CACHE	CACHE:18, SAMPLE-SHORT:7, SECTION-BED:7, ONE-SHOT:6, SAMPLE:5, SONG?:3	AIFF:24, NON-AUDIO:18, RAW-PCM:4	4
b-rakin Sounds	14	145375238	7	14.7	2003-07-25	2011-10-22	0	0			CACHE	CACHE:7, SONG?:3, SECTION-BED:2, ONE-SHOT:1, LONG-SESSION:1	AIFF:7, NON-AUDIO:7	0
b_bits_1	220	6309357	203	0.0	2012-04-18	2012-05-07	0	0			UNKNOWN	UNKNOWN:203, CACHE:17	AIFF:203, NON-AUDIO:17	0
basement piano	65	234413822	40	22.4	2004-01-19	2011-10-22	0	0			CACHE	CACHE:25, SYNTH-STAB:14, SAMPLE:11, SECTION-BED:5, SAMPLE-SHORT:3, ONE-SHOT:2	AIFF:39, NON-AUDIO:25, RAW-PCM:1	1
bassyHits	7	453843	4	0.0	2002-04-22	2009-09-05	0	0			CHOP	CHOP:4, CACHE:2, UNKNOWN:1	AIFF:4, NON-AUDIO:3	0
bauhaus - hollow hills fldr	101	185845299	53	27.4	2000-06-06	2013-03-07	0	0			CACHE	CACHE:47, ONE-SHOT:12, SAMPLE:11, SECTION-BED:10, SAMPLE-SHORT:10, CHOP:5	NON-AUDIO:48, RAW-PCM:36, AIFF:14, MP3:3	39
beat	148	6794394	146	0.0	2012-04-18	2012-05-07	0	0			LOOP	LOOP:146, CACHE:2	AIFF:146, NON-AUDIO:2	0
beats	35	2213063	18	0.4	2001-07-31	2002-04-04	0	0			CACHE	CACHE:17, SAMPLE-SHORT:8, CHOP:5, LOOP:3, ONE-SHOT:2	AIFF:18, NON-AUDIO:17	0
bed end	56	177240838	47	17.3	2002-08-26	2018-04-06	1	1			PAD-BED	PAD-BED:28, SAMPLE-SHORT:12, CACHE:7, LOOP:3, UNKNOWN:2, TONAL-HIT:2	RAW-PCM:35, AIFF:11, NON-AUDIO:9, MP3:1	36
bent_toms	110	64643528	110	0.0	2011-03-08	2011-03-08	0	0			UNKNOWN	UNKNOWN:110	AIFF:110	0
bidule records	22	1395795364	17	87.9	2004-10-07	2009-09-06	0	0			LONG-SESSION	LONG-SESSION:8, SONG?:5, CACHE:4, SECTION-BED:3, UNKNOWN:1, CHOP:1	AIFF:17, NON-AUDIO:5	0
big_N_hairy	8	111642715	5	10.3	2001-04-19	2010-03-16	0	0			SONG?	SONG?:5, CACHE:3	RAW-PCM:5, NON-AUDIO:3	5
bit 'o honey	80	7527626	74	0.7	2001-09-28	2010-03-16	0	0			ONE-SHOT	ONE-SHOT:46, CHOP:28, CACHE:6	RAW-PCM:74, NON-AUDIO:6	74
blackpipe	7	583184904	4	36.7	2010-02-25	2011-04-19	1	1			LONG-SESSION	LONG-SESSION:4, CACHE:2, UNKNOWN:1	AIFF:4, NON-AUDIO:3	0
blue velvet	143	86381366	67	8.9	1993-06-01	2013-03-07	0	0			CACHE	CACHE:76, SAMPLE-SHORT:26, SAMPLE:17, ONE-SHOT:6, LOOP:5, CHOP:5	NON-AUDIO:76, AIFF:67	0
boss	851	66245438	701	5.5	2008-01-09	2012-03-09	12	1			ONE-SHOT	ONE-SHOT:365, CHOP:315, CACHE:150, DRUM-ONESHOT:12, SAMPLE-SHORT:9	WAV-float32:701, NON-AUDIO:150	0
break, stretch & reassemble	102	377577554	74	36.0	2001-09-04	2018-04-05	2	1			LOOP	LOOP:60, CACHE:27, SONG?:9, DRUM-ONESHOT:3, PAD-BED:2, FX:1	AIFF:71, NON-AUDIO:28, RAW-PCM:3	3
bright lights big city	23	1864563237	17	158.8	2008-12-24	2010-04-02	0	0			LONG-SESSION	LONG-SESSION:11, SONG:5, CACHE:5, UNKNOWN:1, SONG?:1	AIFF:11, NON-AUDIO:6, WAV:2, RAW-PCM:2, MP3:2	4
brutal esdits	428	9386032	412	1.2	2004-01-06	2006-03-02	0	0			ONE-SHOT	ONE-SHOT:364, CHOP:48, CACHE:16	AIFF:412, NON-AUDIO:16	0
bubbles	4	41521706	4	7.6	1995-08-14	1995-10-30	0	0			SONG?	SONG?:2, SECTION-BED:2	AIFF:4	0
buchla_modular_system200	8	449724	4	0.0	2008-01-09	2012-03-09	0	0			CACHE	CACHE:4, CHOP:3, DRUM-ONESHOT:1	WAV-float32:4, NON-AUDIO:4	0
carbon_framework 6 Project	50	81620394	50	8.1	2004-01-24	2008-04-26	3	2			SAMPLE	SAMPLE:21, ONE-SHOT:15, SAMPLE-SHORT:8, CHOP:3, SECTION-BED:3	RAW-PCM:34, WAV:14, AIFF:2	34
carbon_framework Projects	150	707493920	132	161.4	2003-01-10	2005-02-18	5	1			SAMPLE-SHORT	SAMPLE-SHORT:32, ONE-SHOT:23, SAMPLE:22, CACHE:18, CHOP:16, SONG?:14	WAV:52, RAW-PCM:41, AIFF:30, NON-AUDIO:18, MP3:9	50
casio	124	8502266	123	1.4	2008-01-09	2009-11-21	13	2			ONE-SHOT	ONE-SHOT:62, CHOP:40, DRUM-ONESHOT:20, CACHE:1, FX:1	WAV:76, WAV-float32:47, NON-AUDIO:1	0
casio rz1	52	1207258	34	0.1	1998-09-24	2010-02-21	0	0			ONE-SHOT	ONE-SHOT:22, CACHE:18, DRUM-ONESHOT:12	NON-AUDIO:18, AIFF:17, WAV:17	0
cd_01_mixed Project	5	130782	2	0.0	2007-10-17	2011-08-26	3	2			UNKNOWN	UNKNOWN:2, ONE-SHOT:2, BROKEN:1	NON-AUDIO:2, RAW-PCM:2, EMPTY:1	3
chaka kahn	118	37942589	117	3.6	2001-09-28	2010-03-16	0	0			ONE-SHOT	ONE-SHOT:82, CHOP:33, SAMPLE-SHORT:1, SONG?:1, CACHE:1	RAW-PCM:117, NON-AUDIO:1	117
cheetah_md16	129	7828084	128	0.7	2008-01-09	2009-07-18	1	1			ONE-SHOT	ONE-SHOT:79, CHOP:49, CACHE:1	WAV-float32:128, NON-AUDIO:1	0
chet piano	35	5334134	25	1.0	2001-08-30	2010-03-14	0	0			CHOP	CHOP:12, CACHE:10, TONAL-HIT:10, ONE-SHOT:1, SAMPLE:1, SECTION-BED:1	AIFF:25, NON-AUDIO:10	0
chopper	41	692275	21	0.1	2001-09-06	2010-03-14	0	0		chops	CACHE	CACHE:20, ONE-SHOT:12, CHOP:9	AIFF:20, NON-AUDIO:20, RAW-PCM:1	1
clank - clunk - thud	24	2019258	23	0.2	2000-10-30	2018-04-05	0	0			SYNTH-STAB	SYNTH-STAB:23, UNKNOWN:1	AIFF:23, NON-AUDIO:1	0
clarkness	67	5836713	37	1.1	1995-10-05	2013-03-07	0	0			CACHE	CACHE:29, SAMPLE-SHORT:16, ONE-SHOT:11, DRUM-ONESHOT:7, TONAL-HIT:1, BROKEN:1	AIFF:37, NON-AUDIO:29, EMPTY:1	1
clips for posting	20	75754370	10	4.7	2009-02-11	2010-04-02	0	0			CACHE	CACHE:10, SECTION-BED:5, SAMPLE:5	AIFF:10, NON-AUDIO:10	0
computer show	27	2736893	11	0.5	1995-09-30	2013-03-07	0	0			CACHE	CACHE:15, ONE-SHOT:5, LOOP:3, SAMPLE:2, SAMPLE-SHORT:1, BROKEN:1	NON-AUDIO:15, RAW-PCM:6, AIFF:5, EMPTY:1	7
concertmate	5	431264	3	0.0	2008-01-09	2009-10-19	1	1			ONE-SHOT	ONE-SHOT:2, CACHE:2, DRUM-ONESHOT:1	WAV-float32:3, NON-AUDIO:2	0
construct_11	8	7331695	5	1.2	2000-08-22	2018-04-05	1	1			ONE-SHOT	ONE-SHOT:2, SAMPLE:2, CACHE:2, UNKNOWN:1, SECTION-BED:1	NON-AUDIO:3, RAW-PCM:3, AIFF:2	3
construct_16 source files	24	108755000	12	10.4	2000-09-10	2013-03-07	0	0			CACHE	CACHE:12, SECTION-BED:4, SONG?:3, SAMPLE:2, SAMPLE-SHORT:2, ONE-SHOT:1	AIFF:12, NON-AUDIO:12	0
coron_drum_synce_ds7	8	2228504	8	0.2	2008-01-09	2008-01-09	0	0			CHOP	CHOP:7, SAMPLE-SHORT:1	WAV-float32:8	0
cosmic man	174	23928871	76	4.3	1995-06-07	2018-02-06	0	0			CACHE	CACHE:95, SAMPLE-SHORT:36, ONE-SHOT:21, CHOP:5, SAMPLE:5, UNKNOWN:3	NON-AUDIO:96, AIFF:75, EMPTY:2, RAW-PCM:1	3
ddm-110	16	197754	9	0.0	1998-03-22	2009-10-07	0	0			DRUM-ONESHOT	DRUM-ONESHOT:6, CACHE:6, ONE-SHOT:3, DOCUMENT:1	WAV:9, NON-AUDIO:7	0
dec 2004 sound design	40	186428912	21	13.1	2004-12-21	2008-12-17	0	0			CACHE	CACHE:19, SAMPLE-SHORT:9, ONE-SHOT:4, SONG?:3, SECTION-BED:3, SAMPLE:2	AIFF:21, NON-AUDIO:19	0
deepsky	29	2992974	27	0.3	2008-01-09	2008-12-10	1	1			CHOP	CHOP:16, ONE-SHOT:6, DRUM-ONESHOT:4, CACHE:2, SAMPLE-SHORT:1	WAV-float32:27, NON-AUDIO:2	0
df_bits	435	40212639	279	0.0	2012-04-18	2012-04-20	0	0			UNKNOWN	UNKNOWN:280, CACHE:155	AIFF:279, NON-AUDIO:156	0
diaspora [cd 1]	27	1337651884	13	82.6	2007-10-16	2017-11-14	0	0			CACHE	CACHE:13, LONG-SESSION:9, SONG?:4, UNKNOWN:1	NON-AUDIO:14, AIFF:13	0
diaspora [cd 2]	13	602395535	6	37.4	2007-10-16	2017-11-14	0	0			CACHE	CACHE:6, LONG-SESSION:4, UNKNOWN:1, SONG?:1, SECTION-BED:1	NON-AUDIO:7, AIFF:6	0
disk 2 vox loops & noise	36	9757512	17	1.2	1995-11-12	2013-03-07	0	0		loops	CACHE	CACHE:18, SAMPLE-SHORT:9, ONE-SHOT:4, CHOP:2, SAMPLE:1, BROKEN:1	NON-AUDIO:18, AIFF:12, RAW-PCM:5, EMPTY:1	6
dmx_tape	78	25022589	39	0.0	2011-03-08	2011-03-30	0	0			UNKNOWN	UNKNOWN:39, CACHE:39	AIFF:39, NON-AUDIO:39	0
dpm_48	23	1565076	22	0.1	2008-01-09	2008-10-12	1	1			ONE-SHOT	ONE-SHOT:14, CHOP:5, DRUM-ONESHOT:3, CACHE:1	WAV-float32:22, NON-AUDIO:1	0
dr110	12	728118	6	0.2	2003-02-07	2005-05-30	0	0			CACHE	CACHE:6, DRUM-ONESHOT:5, DRUM-HIT-LONG:1	NON-AUDIO:6, RAW-PCM:4, MP3:2	6
dr55	7	56031	4	0.0	2003-02-03	2008-08-30	0	0			DRUM-ONESHOT	DRUM-ONESHOT:4, CACHE:3	NON-AUDIO:3, RAW-PCM:2, MP3:2	4
drm hits edits	138	72490149	82	0.0	2005-07-16	2010-06-13	0	0		edits	UNKNOWN	UNKNOWN:82, CACHE:56	AIFF:82, NON-AUDIO:56	0
drm hts edts 02	92	58863287	51	0.0	2005-07-17	2010-06-13	0	0			UNKNOWN	UNKNOWN:50, CACHE:41, ONE-SHOT:1	AIFF:50, NON-AUDIO:41, RAW-PCM:1	1
droney	14	8076350	7	0.7	2001-09-06	2003-08-13	0	0			CACHE	CACHE:7, SAMPLE:2, SAMPLE-SHORT:2, ONE-SHOT:1, PAD-BED:1, LOOP:1	AIFF:7, NON-AUDIO:7	0
drums and pads	25	1197759	11	0.2	1996-01-08	2013-03-07	0	0			CACHE	CACHE:11, SAMPLE-SHORT:6, ONE-SHOT:5, BROKEN:3	NON-AUDIO:11, AIFF:7, RAW-PCM:4, EMPTY:3	7
drums vox & synth	24	2398598	21	0.3	1996-01-08	1996-12-17	0	0			ONE-SHOT	ONE-SHOT:10, SAMPLE-SHORT:5, DRUM-ONESHOT:4, DOCUMENT:2, TONAL-HIT:2, BROKEN:1	AIFF:11, RAW-PCM:10, NON-AUDIO:2, EMPTY:1	11
e2.proc bits	102	1747051	90	0.0	2007-11-29	2009-09-06	0	0			UNKNOWN	UNKNOWN:91, CACHE:11	AIFF:90, NON-AUDIO:12	0
e_beat_bits	585	29835392	529	0.0	2012-04-18	2012-05-07	0	0			UNKNOWN	UNKNOWN:529, CACHE:56	AIFF:529, NON-AUDIO:56	0
edits	86	446831193	63	29.0	1995-08-07	2009-09-13	0	0		edits	CACHE	CACHE:23, DRUM-ONESHOT:13, SAMPLE-SHORT:12, ONE-SHOT:9, SECTION-BED:8, CHOP:7	AIFF:62, NON-AUDIO:23, RAW-PCM:1	1
edits  & processed	224	146093928	180	13.8	2004-01-15	2009-09-05	7	1		edits	CHOP	CHOP:87, ONE-SHOT:67, CACHE:44, SAMPLE:7, PAD-BED:6, SECTION-BED:5	AIFF:175, NON-AUDIO:44, RAW-PCM:5	5
edits_09.13.07	14	137648143	7	8.9	2007-09-13	2008-04-24	0	0		edits	CACHE	CACHE:7, ONE-SHOT:2, SAMPLE:2, SECTION-BED:2, LONG-SESSION:1	AIFF:7, NON-AUDIO:7	0
eko_rhythm_box	13	1858792	13	0.2	2008-01-09	2008-01-09	0	0			DRUM-ONESHOT	DRUM-ONESHOT:8, ONE-SHOT:4, FX:1	WAV-float32:13	0
electra	10	5018416	4	0.9	1997-04-13	2009-12-11	0	0			CACHE	CACHE:6, CHOP:3, SECTION-BED:1	NON-AUDIO:6, AIFF:4	0
electro_harmonix	71	10330910	70	0.9	2008-01-09	2008-01-09	3	1			ONE-SHOT	ONE-SHOT:30, CHOP:26, DRUM-ONESHOT:12, FX:2, UNKNOWN:1	WAV-float32:70, NON-AUDIO:1	0
elektron	44	2894528	33	0.3	2007-05-28	2011-03-03	4	2			ONE-SHOT	ONE-SHOT:22, CACHE:10, CHOP:7, SAMPLE-SHORT:2, DRUM-ONESHOT:2, UNKNOWN:1	WAV:33, NON-AUDIO:11	0
ems_vcs3	6	5202864	6	1.0	2008-01-09	2008-01-09	0	0			FX	FX:6	AIFF:6	0
emu	85	7665506	82	0.7	2008-01-09	2011-03-03	5	2	E-mu		DRUM-ONESHOT	DRUM-ONESHOT:77, SAMPLE-SHORT:5, UNKNOWN:2, CACHE:1	WAV-float32:82, NON-AUDIO:3	0
ensoniq_asr-x	1	3200	0	0.0	2008-01-09	2008-01-09	0	0			DOCUMENT	DOCUMENT:1	NON-AUDIO:1	0
ensteinium bits	334	3211448	225	0.0	2007-12-02	2009-09-27	0	0			UNKNOWN	UNKNOWN:225, CACHE:109	AIFF:225, NON-AUDIO:109	0
entrpy bits	55	180646980	55	21.9	2000-09-18	2000-09-27	0	0			SAMPLE-SHORT	SAMPLE-SHORT:15, SAMPLE:12, SECTION-BED:9, ONE-SHOT:8, SONG?:4, LOOP:4	AIFF:43, RAW-PCM:10, MP3:2	12
eric_b	28	9858095	15	1.1	2004-01-22	2009-09-05	0	0			CACHE	CACHE:13, SAMPLE-SHORT:6, ONE-SHOT:3, CHOP:3, LOOP:2, SAMPLE:1	AIFF:15, NON-AUDIO:13	0
esd	213	544573781	199	78.3	2001-08-24	2010-03-16	3	1			CHOP	CHOP:46, SAMPLE-SHORT:42, ONE-SHOT:36, SECTION-BED:25, SAMPLE:23, CACHE:13	AIFF:178, RAW-PCM:21, NON-AUDIO:14	21
esd sound files	21	51778778	20	4.9	2001-04-17	2010-03-16	4	2			CHOP	CHOP:11, SAMPLE-SHORT:6, SAMPLE:2, UNKNOWN:1, SONG?:1	RAW-PCM:20, NON-AUDIO:1	20
etherpad edits	26	49558103	17	4.0	2007-11-29	2010-02-04	0	0		edits	CHOP	CHOP:16, CACHE:9, SECTION-BED:1	AIFF:17, NON-AUDIO:9	0
exploratory	85	33193746	42	2.0	2007-12-02	2010-02-21	0	0			CACHE	CACHE:42, CHOP:35, SAMPLE-SHORT:3, ONE-SHOT:2, UNKNOWN:1, VOCAL:1	NON-AUDIO:43, AIFF:42	0
exploratory takes	9	211113570	7	12.7	2007-12-02	2009-09-30	0	0		sessions	SESSION-TAKE	SESSION-TAKE:4, CACHE:2, SECTION-BED:1, SAMPLE:1, SAMPLE-SHORT:1	WAV:4, NON-AUDIO:2, AIFF:2, MP3:1	1
extractions	23	613781724	12	38.5	2004-10-16	2009-12-11	0	0			CACHE	CACHE:10, SONG?:8, SAMPLE:3, UNKNOWN:1, LONG-SESSION:1	AIFF:12, NON-AUDIO:11	0
fairlight_IIx	71	4848760	69	0.4	2008-01-09	2009-10-19	1	1			ONE-SHOT	ONE-SHOT:47, CHOP:11, DRUM-ONESHOT:9, SAMPLE-SHORT:2, CACHE:2	WAV-float32:69, NON-AUDIO:2	0
fall 2012	120	244232148	60	15.1	2012-09-08	2025-04-18	0	0			CACHE	CACHE:60, FX:58, SONG?:1, LONG-SESSION:1	AIFF:60, NON-AUDIO:60	0
far side of hope	68	933370436	49	94.5	2004-07-19	2011-10-22	4	1			CACHE	CACHE:18, SAMPLE:10, SAMPLE-SHORT:9, LONG-SESSION:7, CHOP:6, SECTION-BED:6	AIFF:37, NON-AUDIO:18, RAW-PCM:10, EMPTY:1, WAV:1	12
farfisa	7	1000888	7	0.1	2008-01-09	2008-01-09	0	0			DRUM-ONESHOT	DRUM-ONESHOT:6, ONE-SHOT:1	WAV-float32:7	0
fb_autoedit	198	75602796	188	0.0	2011-03-13	2012-05-25	0	0			UNKNOWN	UNKNOWN:188, CACHE:10	AIFF:188, NON-AUDIO:10	0
filter	11	21635813	10	1.1	2011-05-09	2011-05-09	0	0			SAMPLE-SHORT	SAMPLE-SHORT:5, DRUM-HIT-LONG:2, UNKNOWN:1, TONAL-HIT:1, ONE-SHOT:1, SAMPLE:1	WAV-float32:7, RAW-PCM:2, NON-AUDIO:1, AIFF:1	2
fixed & named	97	9589623	60	1.8	2001-10-01	2010-03-18	2	1			CACHE	CACHE:36, ONE-SHOT:28, DRUM-ONESHOT:17, CHOP:8, SAMPLE-SHORT:4, UNKNOWN:1	AIFF:48, NON-AUDIO:37, RAW-PCM:12	12
"for""from live"	56	12811851	28	1.4	2001-07-31	2018-04-06	1	1			CACHE	CACHE:27, SAMPLE-SHORT:11, LOOP:5, CHOP:5, ONE-SHOT:4, PAD-BED:2	NON-AUDIO:28, AIFF:27, RAW-PCM:1	1
forLive	70	21272641	47	3.4	2002-04-04	2003-03-11	0	0			CACHE	CACHE:23, ONE-SHOT:21, SAMPLE-SHORT:16, SAMPLE:4, SYNTH-STAB:2, SECTION-BED:2	AIFF:42, NON-AUDIO:23, RAW-PCM:3, WAV:2	3
for_modyfer_2_track_masters	20	1831095645	18	125.0	2008-05-09	2009-04-07	0	0		masters	SONG	SONG:18, UNKNOWN:1, CACHE:1	AIFF:17, NON-AUDIO:2, RAW-PCM:1	1
fricke_mfb512	9	1144032	9	0.1	2008-01-09	2008-01-09	0	0			DRUM-ONESHOT	DRUM-ONESHOT:9	WAV-float32:9	0
frike_mfb502	14	1741040	14	0.2	2008-01-09	2008-01-09	0	0			DRUM-ONESHOT	DRUM-ONESHOT:14	WAV-float32:14	0
from  clickity	19	650504	17	0.1	2002-07-05	2010-03-30	0	0			ONE-SHOT	ONE-SHOT:16, CACHE:2, SAMPLE-SHORT:1	AIFF:16, NON-AUDIO:2, RAW-PCM:1	1
from moonless	12	57009	9	0.0	2002-07-05	2005-05-25	0	0			ONE-SHOT	ONE-SHOT:9, CACHE:3	AIFF:8, NON-AUDIO:3, RAW-PCM:1	1
from stepped	14	1303426	13	0.1	2002-07-05	2018-04-06	0	0			ONE-SHOT	ONE-SHOT:10, SAMPLE-SHORT:2, UNKNOWN:1, SYNTH-STAB:1	AIFF:13, NON-AUDIO:1	0
fscape processes	2	164	2	0.0	2004-09-20	2004-09-20	0	0			UNKNOWN	UNKNOWN:2	AIFF:2	0
fst_p_05	242	55778816	237	0.0	2005-08-01	2009-09-27	0	0			UNKNOWN	UNKNOWN:237, CACHE:5	AIFF:237, NON-AUDIO:5	0
fst_p_05 bits	253	55835858	237	0.0	2005-08-01	2009-09-27	0	0			UNKNOWN	UNKNOWN:238, CACHE:15	AIFF:237, NON-AUDIO:16	0
funky ass drums	95	18694808	77	1.8	1995-01-05	2010-12-10	0	0			CHOP	CHOP:44, ONE-SHOT:29, CACHE:18, SAMPLE:2, DRUM-ONESHOT:2	RAW-PCM:75, NON-AUDIO:18, AIFF:2	75
game sounds	24	495566	12	0.3	1997-04-14	2010-12-10	0	0			CACHE	CACHE:12, ONE-SHOT:8, SAMPLE-SHORT:4	AIFF:12, NON-AUDIO:12	0
granular percussion	55	14814783	49	1.5	2001-09-04	2010-03-18	1	1			ONE-SHOT	ONE-SHOT:35, CACHE:5, LOOP:4, SYNTH-STAB:3, SAMPLE-SHORT:3, DRUM-ONESHOT:2	AIFF:35, RAW-PCM:14, NON-AUDIO:6	14
gravel_parts	34	105289728	17	6.6	2007-08-26	2007-09-08	0	0			SAMPLE	SAMPLE:17, CACHE:17	AIFF:17, NON-AUDIO:17	0
gray matter	26	16610682	13	4.3	1995-05-29	2010-02-21	0	0			CACHE	CACHE:12, SAMPLE-SHORT:5, SECTION-BED:4, SAMPLE:2, ONE-SHOT:1, BROKEN:1	AIFF:12, NON-AUDIO:12, RAW-PCM:1, EMPTY:1	2
greenJolt	55	2229915	49	0.2	2002-02-19	2010-03-30	1	1			ONE-SHOT	ONE-SHOT:43, CACHE:6, LOOP:4, SAMPLE-SHORT:2	RAW-PCM:25, AIFF:24, NON-AUDIO:6	25
grumpy parts	36	1771666166	18	109.5	2009-08-28	2025-04-18	0	0			LONG-SESSION	LONG-SESSION:18, CACHE:18	AIFF:18, NON-AUDIO:18	0
gulbransen	9	1334504	9	0.1	2008-01-09	2008-01-09	0	0			DRUM-ONESHOT	DRUM-ONESHOT:8, ONE-SHOT:1	WAV-float32:9	0
hammond	16	2907168	16	0.3	2008-01-09	2008-01-09	2	1			DRUM-ONESHOT	DRUM-ONESHOT:13, ONE-SHOT:3	WAV-float32:16	0
hardware excursions	8	704927586	4	44.3	2010-02-03	2010-07-21	0	0			LONG-SESSION	LONG-SESSION:4, CACHE:4	AIFF:4, NON-AUDIO:4	0
harvested audio 01	71	623563292	66	43.4	2007-11-29	2009-09-08	0	0			SAMPLE	SAMPLE:17, CHOP:13, SAMPLE-SHORT:11, UNKNOWN:5, SECTION-BED:5, CACHE:4	AIFF:59, RAW-PCM:7, NON-AUDIO:5	7
hat patterns	5	1953115	3	0.4	2002-04-15	2002-04-22	0	0			CACHE	CACHE:2, SAMPLE:2, SAMPLE-SHORT:1	AIFF:3, NON-AUDIO:2	0
hats	25	1760564	12	0.7	1995-07-30	2010-12-10	0	0			CACHE	CACHE:12, DRUM-ONESHOT:9, DRUM-HIT-LONG:2, SAMPLE:1, BROKEN:1	NON-AUDIO:12, RAW-PCM:9, MP3:3, EMPTY:1	13
hey - the kids are poopin	70	304324231	56	31.1	2001-09-07	2010-03-18	0	0			SAMPLE	SAMPLE:19, CACHE:14, SAMPLE-SHORT:12, SECTION-BED:12, SONG?:4, PAD-BED:4	AIFF:56, NON-AUDIO:14	0
hohner_rhythm80	10	1811024	10	0.2	2008-01-09	2008-01-09	0	0			DRUM-ONESHOT	DRUM-ONESHOT:7, ONE-SHOT:3	WAV-float32:10	0
honetol 14 - masters	5	217337678	3	20.4	2009-01-10	2017-11-14	0	0		masters	SONG	SONG:3, CACHE:2	AIFF:2, NON-AUDIO:2, RAW-PCM:1	1
human noises	30	66625796	20	7.1	2002-02-07	2010-08-27	0	0			CACHE	CACHE:10, SECTION-BED:5, SAMPLE-SHORT:5, SAMPLE:4, LOOP:1, PAD-BED:1	AIFF:20, NON-AUDIO:10	0
i meed a bed	10	33242776	10	3.1	2002-08-25	2003-12-08	1	1			PAD-BED	PAD-BED:7, ONE-SHOT:2, SAMPLE-SHORT:1	AIFF:8, RAW-PCM:2	2
i_see_you_parts	20	119998964	10	7.5	2007-09-01	2009-09-06	0	0			CACHE	CACHE:10, SECTION-BED:9, PAD-BED:1	AIFF:10, NON-AUDIO:10	0
io radio	4	1591725	3	0.3	2002-01-09	2005-05-15	0	0			SAMPLE	SAMPLE:2, SAMPLE-SHORT:1, CACHE:1	WAV:2, NON-AUDIO:1, AIFF:1	0
isomer - bright lights big city (2009 Dope)	4	154703822	2	14.5	2009-07-09	2011-01-05	0	0			LONG-SESSION	LONG-SESSION:2, CACHE:2	WAV:2, NON-AUDIO:2	0
j_bits_1	86	2807862	74	0.0	2012-04-18	2012-05-07	0	0			UNKNOWN	UNKNOWN:74, CACHE:12	AIFF:74, NON-AUDIO:12	0
jam_the_bits	80	6749815	67	0.0	2012-05-25	2012-05-25	0	0			UNKNOWN	UNKNOWN:67, CACHE:13	AIFF:67, NON-AUDIO:13	0
jomox_xbase09	36	4756652	36	0.4	2008-01-09	2008-01-09	0	0			CHOP	CHOP:22, ONE-SHOT:13, SAMPLE-SHORT:1	WAV-float32:36	0
june_al_green	68	87894668	42	1.1	2011-06-10	2011-06-12	0	0			CACHE	CACHE:26, SAMPLE-SHORT:21, ONE-SHOT:17, TONAL-HIT:1, UNKNOWN:1, DRUM-ONESHOT:1	AIFF:41, NON-AUDIO:26, MP4/M4A:1	0
jungle	12	462656	11	0.1	1995-11-17	1996-05-20	0	0			DRUM-ONESHOT	DRUM-ONESHOT:6, ONE-SHOT:3, SAMPLE-SHORT:2, BROKEN:1	AIFF:11, EMPTY:1	1
kawai	113	6998086	113	0.6	2008-01-09	2008-01-09	5	1			ONE-SHOT	ONE-SHOT:74, DRUM-ONESHOT:27, CHOP:7, SAMPLE-SHORT:3, TONAL-HIT:2	WAV-float32:113	0
kicks	16	225689	7	0.0	2002-11-30	2010-02-04	0	0			CACHE	CACHE:9, ONE-SHOT:7	NON-AUDIO:9, AIFF:7	0
kompaktData	56	40868887	44	4.8	2002-04-04	2004-11-24	0	0			ONE-SHOT	ONE-SHOT:19, CACHE:11, SAMPLE:8, SYNTH-STAB:5, SAMPLE-SHORT:4, CHOP:3	WAV:42, NON-AUDIO:11, RAW-PCM:2, EMPTY:1	3
korg	409	43588102	400	3.9	2008-01-09	2008-05-24	16	2	Korg		DRUM-ONESHOT	DRUM-ONESHOT:349, CHOP:40, SAMPLE-SHORT:11, CACHE:5, UNKNOWN:3, DOCUMENT:1	WAV-float32:377, WAV:23, NON-AUDIO:9	0
korg_ddm110	68	5599526	68	0.5	2008-01-09	2008-01-09	0	0			ONE-SHOT	ONE-SHOT:60, SAMPLE-SHORT:7, DRUM-ONESHOT:1	WAV-float32:68	0
kule zoundz	31	4174596	30	0.5	1995-09-30	1997-03-11	0	0			ONE-SHOT	ONE-SHOT:15, DRUM-ONESHOT:5, CHOP:5, SAMPLE-SHORT:4, BROKEN:1, SAMPLE:1	AIFF:29, EMPTY:1, RAW-PCM:1	2
kurzweil_k2000rom	21	4602476	21	0.4	2008-01-09	2008-01-09	0	0			ONE-SHOT	ONE-SHOT:8, SAMPLE-SHORT:7, DRUM-ONESHOT:6	WAV-float32:21	0
large audio from B. Velvet	2	8905242	1	0.8	1996-02-15	1996-05-20	0	0			SECTION-BED	SECTION-BED:1, BROKEN:1	AIFF:1, EMPTY:1	1
late sunday renders	23	1613666155	21	103.6	2005-06-06	2025-04-18	0	0		renders	SONG	SONG:19, SECTION-BED:2, UNKNOWN:1, CACHE:1	AIFF:19, NON-AUDIO:2, RAW-PCM:2	2
lel_uds	12	1938968	12	0.2	2008-01-09	2008-01-09	0	0			DRUM-ONESHOT	DRUM-ONESHOT:12	WAV-float32:12	0
lets try this	49	336237980	45	35.3	2001-08-29	2010-03-30	0	0			SAMPLE	SAMPLE:8, SONG?:7, SECTION-BED:7, TONAL-HIT:6, VOCAL:5, CACHE:4	AIFF:42, NON-AUDIO:4, RAW-PCM:3	3
linn	116	9482954	109	0.8	2008-01-09	2009-10-19	9	2			DRUM-ONESHOT	DRUM-ONESHOT:45, ONE-SHOT:41, CHOP:19, CACHE:7, SAMPLE-SHORT:4	WAV-float32:109, NON-AUDIO:7	0
linndrum Folder	70	1110142	30	0.2	1996-01-18	2010-03-31	0	0	LinnDrum LM-1		CACHE	CACHE:39, DRUM-ONESHOT:29, BROKEN:1, SAMPLE-SHORT:1	NON-AUDIO:39, WAV:30, EMPTY:1	1
little editas	20	25370704	20	2.2	2001-01-18	2001-01-18	0	0		edits	CHOP	CHOP:18, SECTION-BED:2	AIFF:20	0
live app files	1	412630	1	0.0	2002-04-22	2002-04-22	0	0			SAMPLE-SHORT	SAMPLE-SHORT:1	RAW-PCM:1	1
liveSet	5	74014784	4	7.0	2001-04-21	2002-04-13	0	0			LONG-SESSION	LONG-SESSION:1, SAMPLE-SHORT:1, CACHE:1, SECTION-BED:1, ONE-SHOT:1	AIFF:3, NON-AUDIO:1, RAW-PCM:1	1
ll cool j - around the way girl	124	49498572	66	3.1	2011-02-23	2012-12-12	0	0			CACHE	CACHE:58, ONE-SHOT:28, SAMPLE-SHORT:24, CHOP:8, SAMPLE:6	AIFF:66, NON-AUDIO:58	0
long_hits	1	6148	0	0.0	2009-09-06	2009-09-06	0	0			UNKNOWN	UNKNOWN:1	NON-AUDIO:1	0
loops	52	89498461	50	4.5	2002-11-10	2009-09-06	0	0		loops	UNKNOWN	UNKNOWN:26, SAMPLE:10, SAMPLE-SHORT:8, SECTION-BED:2, ONE-SHOT:2, FX:1	AIFF:49, NON-AUDIO:2, RAW-PCM:1	1
loose-live-recordings	41	25552786908	37	2242.8	2004-12-16	2012-12-03	0	0		sessions	LONG-SESSION	LONG-SESSION:33, SONG:4, CACHE:3, BROKEN:1	AIFF:30, MP3:5, NON-AUDIO:3, WAV:2, EMPTY:1	6
luxor_passet	7	1048536	7	0.1	2008-01-09	2008-01-09	0	0			DRUM-ONESHOT	DRUM-ONESHOT:6, ONE-SHOT:1	WAV-float32:7	0
lyr'd	69	62815522	45	6.3	2004-01-23	2008-04-26	0	0			CACHE	CACHE:24, CHOP:20, SAMPLE-SHORT:13, ONE-SHOT:7, SAMPLE:2, SONG?:2	AIFF:44, NON-AUDIO:24, MP3:1	1
made	12	1096464	6	0.1	2004-01-24	2005-06-20	0	0			CACHE	CACHE:6, CHOP:4, SAMPLE-SHORT:2	NON-AUDIO:6, AIFF:5, RAW-PCM:1	1
maestro	21	853080	21	0.2	2008-01-09	2008-01-09	2	1			ONE-SHOT	ONE-SHOT:10, CHOP:7, DRUM-ONESHOT:3, FX:1	WAV:17, WAV-float32:4	0
march_tewaks	18	197078595	18	14.8	2011-03-19	2011-04-05	0	0			SONG?	SONG?:5, SAMPLE:4, SAMPLE-SHORT:4, TONAL-HIT:2, SECTION-BED:2, PAD-BED:1	AIFF:18	0
marley marl in control	3	845921222	2	79.9	2009-09-05	2012-12-03	0	0			LONG-SESSION	LONG-SESSION:2, UNKNOWN:1	AIFF:2, NON-AUDIO:1	0
masters-and-mixdowns	64	6013827632	47	385.5	2006-10-24	2017-11-14	0	0		masters	SONG	SONG:47, CACHE:17	AIFF:46, NON-AUDIO:17, RAW-PCM:1	1
mattel_synsonic	8	636796	8	0.1	2008-01-09	2008-01-09	0	0			DRUM-ONESHOT	DRUM-ONESHOT:8	WAV-float32:8	0
melosonic	6	857904	6	0.1	2008-01-09	2008-01-09	0	0			DRUM-ONESHOT	DRUM-ONESHOT:6	WAV-float32:6	0
mercure	47	4022416	47	0.3	2008-01-09	2008-01-09	0	0			ONE-SHOT	ONE-SHOT:32, CHOP:12, SAMPLE-SHORT:2, DRUM-ONESHOT:1	WAV-float32:47	0
meta'd	22	77327450	16	7.3	1999-06-07	2010-02-25	0	0			SAMPLE	SAMPLE:7, CACHE:6, SAMPLE-SHORT:4, SECTION-BED:2, ONE-SHOT:2, SONG?:1	RAW-PCM:11, NON-AUDIO:6, AIFF:5	11
meta_sounds	2	4227724	2	0.3	2006-12-29	2006-12-29	0	0			SAMPLE	SAMPLE:1, SAMPLE-SHORT:1	AIFF:2	0
metad	20	116110209	16	9.9	2005-03-19	2009-09-07	0	0			SAMPLE	SAMPLE:7, CACHE:4, SAMPLE-SHORT:4, SECTION-BED:2, ONE-SHOT:2, LONG-SESSION:1	AIFF:16, NON-AUDIO:4	0
mfb_512	10	1098284	10	0.1	2008-01-09	2008-01-09	0	0			ONE-SHOT	ONE-SHOT:8, LOOP:1, SAMPLE-SHORT:1	WAV-float32:10	0
microcosm	8	399945540	7	37.8	2008-07-07	2011-11-28	0	0			LONG-SESSION	LONG-SESSION:4, SONG?:3, UNKNOWN:1	AIFF:7, NON-AUDIO:1	0
microcosm aiffs	7	399939392	7	37.8	2008-07-07	2008-07-07	0	0			LONG-SESSION	LONG-SESSION:4, SONG?:3	AIFF:7	0
mined	60	12191830	21	1.1	2004-01-15	2009-02-11	1	1			CACHE	CACHE:39, DRUM-ONESHOT:9, CHOP:6, SAMPLE:3, DRUM-HIT-LONG:2, ONE-SHOT:1	NON-AUDIO:39, AIFF:18, RAW-PCM:3	3
misc	6	182111	3	0.0	2002-12-01	2010-01-10	0	0			ONE-SHOT	ONE-SHOT:3, CACHE:3	AIFF:3, NON-AUDIO:3	0
mixes	2	16911283	1	1.6	2004-01-16	2008-04-26	0	0			SONG?	SONG?:1, CACHE:1	AIFF:1, NON-AUDIO:1	0
monopoly bass feb 2009	139	27872862	82	1.4	2009-02-26	2010-08-10	1	1			UNKNOWN	UNKNOWN:82, CACHE:56, SECTION-BED:1	AIFF:82, NON-AUDIO:57	0
monopoly drums	68	2319772	34	0.2	2003-02-03	2010-01-10	0	0			CACHE	CACHE:34, DRUM-ONESHOT:28, ONE-SHOT:6	RAW-PCM:34, NON-AUDIO:34	34
monopoly parts	37	334938640	21	21.0	2005-07-17	2010-04-01	0	0			CACHE	CACHE:16, SECTION-BED:14, SAMPLE:4, STEM:2, LONG-SESSION:1	AIFF:21, NON-AUDIO:16	0
monopoly sounds	116	30581902	94	5.1	1995-09-21	2010-12-16	2	1			SAMPLE-SHORT	SAMPLE-SHORT:33, DRUM-ONESHOT:22, CACHE:20, CHOP:11, TONAL-HIT:10, FX:8	AIFF:90, NON-AUDIO:21, RAW-PCM:4, EMPTY:1	5
moog_mg1	5	617800	5	0.1	2008-01-09	2008-01-09	0	0			DRUM-ONESHOT	DRUM-ONESHOT:5	WAV-float32:5	0
mopoly	4	20381814	4	1.9	2004-01-15	2004-08-28	0	0			SAMPLE	SAMPLE:2, SAMPLE-SHORT:1, SECTION-BED:1	AIFF:3, RAW-PCM:1	1
more deep things	5	32403742	3	3.1	2002-04-14	2003-12-08	0	0			CHOP	CHOP:2, CACHE:2, SONG?:1	AIFF:3, NON-AUDIO:2	0
mp3-mixes	23	1269201037	22	773.6	2004-05-19	2018-01-16	0	0		renders	SONG	SONG:22, CACHE:1	MP3:22, NON-AUDIO:1	22
multimoog	58	1270924	56	0.2	2008-01-09	2009-10-13	1	1			ONE-SHOT	ONE-SHOT:43, DRUM-ONESHOT:11, TONAL-HIT:2, CACHE:2	AIFF:56, NON-AUDIO:2	0
musical	11	5355388	7	0.6	2002-04-15	2002-04-22	0	0			SAMPLE-SHORT	SAMPLE-SHORT:6, CACHE:4, SAMPLE:1	AIFF:7, NON-AUDIO:4	0
mxr_computer_rhythm185	12	617804	12	0.1	2008-01-09	2008-01-09	0	0			DRUM-ONESHOT	DRUM-ONESHOT:9, ONE-SHOT:3	WAV-float32:12	0
my new percs	13	102694	10	0.0	2001-09-07	2009-09-06	0	0			ONE-SHOT	ONE-SHOT:6, DRUM-ONESHOT:4, CACHE:3	AIFF:10, NON-AUDIO:3	0
mySounds	12	366170	12	0.1	2002-10-20	2002-10-20	0	0			ONE-SHOT	ONE-SHOT:10, CHOP:2	RAW-PCM:11, MP3:1	12
new bits for the track	66	95203262	41	9.3	2002-01-10	2010-02-24	1	1			CACHE	CACHE:25, ONE-SHOT:21, SAMPLE-SHORT:8, SAMPLE:6, SECTION-BED:3, STEM:2	AIFF:31, NON-AUDIO:25, RAW-PCM:10	10
new chimers	65	247256171	32	15.5	2006-03-15	2010-02-23	0	0			CACHE	CACHE:32, SAMPLE:11, SECTION-BED:11, VOCAL:6, SAMPLE-SHORT:3, UNKNOWN:1	NON-AUDIO:33, AIFF:32	0
new masters	12	2636242207	11	236.6	2011-03-28	2011-08-05	0	0		masters	SONG	SONG:9, ONE-SHOT:2, UNKNOWN:1	AIFF:8, RAW-PCM:2, NON-AUDIO:1, MP3:1	3
new phun	813	26545337	785	2.8	2001-07-31	2003-05-26	10	3			ONE-SHOT	ONE-SHOT:697, CHOP:73, CACHE:28, SAMPLE-SHORT:9, LOOP:4, SYNTH-STAB:1	AIFF:776, NON-AUDIO:28, RAW-PCM:9	9
new recYcled	14	47563522	9	4.5	2001-08-07	2009-09-07	0	0			CACHE	CACHE:5, SECTION-BED:4, CHOP:4, SAMPLE:1	AIFF:9, NON-AUDIO:5	0
new renders	4	177585711	4	16.8	2002-12-03	2003-01-26	0	0		renders	SONG	SONG:2, SAMPLE-SHORT:2	AIFF:2, RAW-PCM:2	2
new sounds from the soutj	11	114111082	7	11.5	2001-12-10	2002-04-14	0	0			CACHE	CACHE:4, SAMPLE:3, SAMPLE-SHORT:1, SECTION-BED:1, SONG?:1, LONG-SESSION:1	AIFF:7, NON-AUDIO:4	0
new_chops	30	7358620	15	0.5	2005-08-11	2009-09-07	0	0		chops	CACHE	CACHE:15, SAMPLE-SHORT:11, ONE-SHOT:4	AIFF:15, NON-AUDIO:15	0
newer thing	101	162391643	86	20.5	2000-06-30	2018-02-25	0	0			SAMPLE-SHORT	SAMPLE-SHORT:29, SAMPLE:16, ONE-SHOT:15, CACHE:15, CHOP:13, SECTION-BED:7	AIFF:41, RAW-PCM:28, WAV:15, NON-AUDIO:15, MP3:2	30
newest addition	53	299363651	46	33.0	2001-07-14	2004-01-10	0	0			SAMPLE-SHORT	SAMPLE-SHORT:15, SAMPLE:11, SECTION-BED:11, SONG?:7, CACHE:7, LOOP:1	AIFF:44, NON-AUDIO:7, RAW-PCM:2	2
newly chopped cheese	77	5481806	77	0.5	2001-09-16	2001-09-16	0	0		chops	ONE-SHOT	ONE-SHOT:53, CHOP:24	AIFF:77	0
newly created explorations	2	317413	2	0.0	2001-09-12	2001-09-12	0	0			ONE-SHOT	ONE-SHOT:1, SAMPLE-SHORT:1	RAW-PCM:2	2
newly mastered audio	1	6148	0	0.0	2011-11-09	2011-11-09	0	0		masters	SONG	SONG:1	NON-AUDIO:1	0
nightBefore Sounds	11	5056816	10	0.6	2001-07-27	2002-10-31	0	0			SAMPLE-SHORT	SAMPLE-SHORT:8, SAMPLE:1, ONE-SHOT:1, CACHE:1	AIFF:10, NON-AUDIO:1	0
nirdRdms 120	11	32968606	11	3.2	2002-04-11	2002-04-11	0	0			CHOP	CHOP:4, SECTION-BED:3, ONE-SHOT:2, LOOP:1, SAMPLE:1	AIFF:11	0
non-audio audio source	91	158149846	90	27.9	2001-01-10	2001-04-08	0	0			SAMPLE-SHORT	SAMPLE-SHORT:22, SAMPLE:20, ONE-SHOT:18, CHOP:13, SECTION-BED:12, SONG?:5	AIFF:90, NON-AUDIO:1	0
nord rums	37	5149318	37	1.0	2001-09-08	2002-01-19	3	2			DRUM-ONESHOT	DRUM-ONESHOT:33, SAMPLE:4	AIFF:26, RAW-PCM:11	11
normalized bits	189	16681354	189	1.6	2001-09-28	2001-09-28	0	0			ONE-SHOT	ONE-SHOT:125, CHOP:61, DRUM-ONESHOT:3	RAW-PCM:189	189
now is the time	83	15405814	82	3.2	1995-12-07	1997-01-05	0	0			SAMPLE-SHORT	SAMPLE-SHORT:34, LOOP:14, DRUM-ONESHOT:12, ONE-SHOT:10, CHOP:7, SAMPLE:4	AIFF:80, RAW-PCM:2, EMPTY:1	3
ob dx - kit one - high tuning	32	1192744	16	0.1	1998-09-24	2010-01-10	0	0		kit	DRUM-ONESHOT	DRUM-ONESHOT:16, CACHE:16	AIFF:16, NON-AUDIO:16	0
ob dx - kit two - mid tuning	36	1838046	18	0.2	1998-09-24	2010-01-10	0	0		kit	DRUM-ONESHOT	DRUM-ONESHOT:18, CACHE:18	AIFF:18, NON-AUDIO:18	0
oberheim	119	127439810	116	11.3	2008-01-09	2010-02-03	5	2	Oberheim		DRUM-ONESHOT	DRUM-ONESHOT:61, CHOP:48, SAMPLE:3, UNKNOWN:2, SAMPLE-SHORT:2, SONG?:1	WAV-float32:115, NON-AUDIO:3, AIFF:1	0
old_electibe	72	72089262	72	0.0	2011-03-19	2011-03-19	0	0			UNKNOWN	UNKNOWN:72	AIFF:72	0
opensource_spokenWords	11	35347194	8	25.9	2004-06-08	2008-04-26	0	0			SONG?	SONG?:3, CACHE:2, UNKNOWN:2, LONG-SESSION:2, TONAL-HIT:1, DOCUMENT:1	MP3:3, AIFF:3, NON-AUDIO:3, FLAC:2	3
other people's music	14	3378290778	12	319.1	2004-02-03	2012-12-03	3	2			SONG	SONG:6, ONE-SHOT:4, LONG-SESSION:2, UNKNOWN:1, BROKEN:1	AIFF:7, RAW-PCM:5, NON-AUDIO:1, EMPTY:1	6
otherSet Sounds	30	5829646	15	0.8	1999-06-07	2004-06-15	0	0			CACHE	CACHE:15, SAMPLE-SHORT:7, ONE-SHOT:5, LOOP:1, PAD-BED:1, SYNTH-STAB:1	NON-AUDIO:15, AIFF:14, WAV:1	0
p_bits	348	48187917	279	0.0	2012-04-18	2012-12-05	0	0			UNKNOWN	UNKNOWN:279, CACHE:69	AIFF:279, NON-AUDIO:69	0
pads and beats harvest edits	16	8212888	9	0.6	2007-12-02	2011-10-22	0	0		edits	CACHE	CACHE:7, SAMPLE-SHORT:4, ONE-SHOT:3, PAD-BED:1, SAMPLE:1	AIFF:9, NON-AUDIO:7	0
part_01 bits	153	72677417	82	0.0	2005-07-16	2010-04-02	0	0			UNKNOWN	UNKNOWN:82, CACHE:71	AIFF:82, NON-AUDIO:71	0
perc 'cycld	83	2624231	70	0.2	2003-12-02	2004-11-25	0	0			ONE-SHOT	ONE-SHOT:58, CACHE:13, CHOP:12	AIFF:70, NON-AUDIO:13	0
percussion	16	284896	15	0.0	2002-04-14	2002-04-22	0	0			ONE-SHOT	ONE-SHOT:15, CACHE:1	AIFF:15, NON-AUDIO:1	0
percussive	10	547829	5	0.1	2001-09-05	2002-04-22	0	0			CACHE	CACHE:5, ONE-SHOT:3, SAMPLE-SHORT:1, LOOP:1	NON-AUDIO:5, AIFF:4, RAW-PCM:1	1
percy_bits	412	67178921	375	0.0	2005-06-18	2010-02-21	0	0			UNKNOWN	UNKNOWN:374, CACHE:37, ONE-SHOT:1	AIFF:374, NON-AUDIO:37, RAW-PCM:1	1
phresh	10	11530743	8	2.6	2002-08-03	2004-11-24	0	0			CHOP	CHOP:4, SECTION-BED:2, SAMPLE:1, CACHE:1, BROKEN:1, SAMPLE-SHORT:1	AIFF:7, NON-AUDIO:1, EMPTY:1, RAW-PCM:1	2
piano	53	83237496	52	7.9	2004-01-15	2004-01-24	0	0			CHOP	CHOP:36, SAMPLE:10, SAMPLE-SHORT:4, SECTION-BED:2, CACHE:1	AIFF:50, RAW-PCM:2, NON-AUDIO:1	2
pokin around	13	1653222	13	0.3	1995-07-30	1995-07-30	0	0			SAMPLE-SHORT	SAMPLE-SHORT:6, ONE-SHOT:4, CHOP:3	AIFF:12, RAW-PCM:1	1
ported 550 sounds	642	18895617	392	5.5	1999-08-24	2025-08-04	116	1			CACHE	CACHE:249, ONE-SHOT:178, SAMPLE-SHORT:94, DRUM-ONESHOT:78, TONAL-HIT:13, LOOP:12	AIFF:392, NON-AUDIO:250	0
process me	270	446882229	145	43.3	2005-05-21	2009-09-07	0	0			CACHE	CACHE:125, SAMPLE:37, SAMPLE-SHORT:28, ONE-SHOT:24, SECTION-BED:16, CHOP:14	NON-AUDIO:125, AIFF:118, RAW-PCM:27	27
processed	16	31287543	9	2.9	2004-09-01	2004-12-10	0	0			CACHE	CACHE:7, SAMPLE-SHORT:4, PAD-BED:2, TONAL-HIT:2, SECTION-BED:1	AIFF:9, NON-AUDIO:7	0
processed drums	7	134780	7	0.0	1996-02-29	1996-02-29	0	0			DRUM-ONESHOT	DRUM-ONESHOT:3, ONE-SHOT:2, VOCAL:2	AIFF:7	0
procussion	74	5196714	71	0.4	2008-01-09	2009-02-28	1	1			CHOP	CHOP:44, ONE-SHOT:27, CACHE:3	WAV-float32:71, NON-AUDIO:3	0
proteus	30	9727114	30	0.8	2008-01-09	2008-01-09	0	0			CHOP	CHOP:13, SAMPLE-SHORT:12, ONE-SHOT:5	WAV-float32:30	0
protools sessions	9	53315084	6	5.0	2001-10-31	2018-04-05	2	2		sessions	UNKNOWN	UNKNOWN:2, SAMPLE-SHORT:2, ONE-SHOT:2, SESSION-TAKE:2, BROKEN:1	RAW-PCM:6, NON-AUDIO:2, EMPTY:1	7
psr 215	45	1563238	17	0.2	1995-12-14	2010-01-10	0	0			CACHE	CACHE:27, DRUM-ONESHOT:10, ONE-SHOT:3, TONAL-HIT:2, SAMPLE-SHORT:2, BROKEN:1	NON-AUDIO:27, AIFF:10, RAW-PCM:7, EMPTY:1	8
psr 77 electro set	52	3669104	27	0.5	1995-12-14	2010-01-10	0	0			CACHE	CACHE:24, DRUM-ONESHOT:22, SAMPLE-SHORT:2, BROKEN:1, DRUM-HIT-LONG:1, LOOP:1	AIFF:27, NON-AUDIO:24, EMPTY:1	1
quasimidi_309	225	42728384	224	3.7	2008-01-09	2009-02-23	1	1			CHOP	CHOP:190, ONE-SHOT:34, CACHE:1	WAV-float32:224, NON-AUDIO:1	0
r_love_bits	466	35728365	427	0.0	2012-04-18	2012-04-20	0	0			UNKNOWN	UNKNOWN:427, CACHE:39	AIFF:427, NON-AUDIO:39	0
rascals	12	15499982	12	2.2	1995-08-04	1995-08-07	0	0			SAMPLE	SAMPLE:5, CHOP:4, SAMPLE-SHORT:3	AIFF:12	0
raw files	12	98943570	11	29.9	2004-01-14	2004-01-15	0	0			SESSION-TAKE	SESSION-TAKE:4, SAMPLE:4, LONG-SESSION:2, BROKEN:1, SECTION-BED:1	RAW-PCM:6, MP3:4, AIFF:1, EMPTY:1	11
reaktor records	12	272722082	7	25.6	2004-09-27	2007-11-24	0	0			CACHE	CACHE:5, SECTION-BED:3, SONG?:2, LONG-SESSION:1, SONG:1	AIFF:5, NON-AUDIO:5, RAW-PCM:2	2
recycle me	2	5349134	1	1.5	2001-09-07	2002-04-06	0	0			SECTION-BED	SECTION-BED:1, CACHE:1	AIFF:1, NON-AUDIO:1	0
recycled	101	10974091	75	2.1	2001-09-07	2002-12-19	1	1			CHOP	CHOP:71, CACHE:26, ONE-SHOT:4	AIFF:75, NON-AUDIO:26	0
reggae sample pack-acapellas.classic voices.horns.drums.stabs.etc	189	93472959	186	30.4	2010-11-27	2010-12-15	1	1		samples	SAMPLE-SHORT	SAMPLE-SHORT:111, CHOP:26, ONE-SHOT:22, SAMPLE:13, SONG?:5, SECTION-BED:4	WAV:142, MP3:30, RAW-PCM:11, NON-AUDIO:3, AIFF:3	41
renders-and-edits	77	8484794931	63	534.2	2002-05-04	2018-01-16	0	0		edits	LONG-SESSION	LONG-SESSION:45, CACHE:14, SONG?:10, SAMPLE:2, STEM:2, SECTION-BED:2	AIFF:62, NON-AUDIO:14, WAV:1	0
res-q'd from archive '99	15	34228658	15	5.7	2001-09-08	2001-09-13	0	0		archive	ONE-SHOT	ONE-SHOT:5, SECTION-BED:4, SAMPLE:3, SAMPLE-SHORT:2, SONG?:1	AIFF:15	0
ripped	14	354274889	7	33.2	2002-04-14	2002-04-14	0	0			CACHE	CACHE:7, STEM:5, LONG-SESSION:2	AIFF:7, NON-AUDIO:7	0
rj valeo - nightfall	15	832676900	14	66.0	2010-02-15	2020-01-26	0	0			SONG?	SONG?:8, LONG-SESSION:4, UNKNOWN:1, SONG:1, SECTION-BED:1	AIFF:13, NON-AUDIO:1, WAV:1	0
rj's 909	72	1697742	36	0.3	1999-04-19	2010-01-10	0	0	TR-909		CACHE	CACHE:36, DRUM-ONESHOT:34, SAMPLE-SHORT:2	WAV:36, NON-AUDIO:36	0
roland	1745	196316324	1741	17.0	2008-01-09	2009-11-25	42	2			ONE-SHOT	ONE-SHOT:760, DRUM-ONESHOT:511, CHOP:305, SAMPLE-SHORT:157, DRUM-HIT-LONG:4, CACHE:3	WAV-float32:1675, WAV:66, NON-AUDIO:4	0
ruby_orla	4	571936	4	0.0	2008-01-09	2008-01-09	0	0			DRUM-ONESHOT	DRUM-ONESHOT:4	WAV-float32:4	0
ruth vocals	7	22650856	4	1.5	2006-01-02	2006-02-02	0	0			CACHE	CACHE:3, SAMPLE:2, ONE-SHOT:1, SECTION-BED:1	AIFF:4, NON-AUDIO:3	0
rx-11 Samples	57	748740	28	0.3	1993-10-01	2009-09-06	0	0		samples	CACHE	CACHE:28, DRUM-ONESHOT:25, DRUM-HIT-LONG:3, BROKEN:1	NON-AUDIO:28, RAW-PCM:19, MP3:9, EMPTY:1	29
sakata_dpm48	35	3184868	35	0.3	2008-01-09	2008-01-09	0	0			CHOP	CHOP:22, ONE-SHOT:13	WAV-float32:35	0
salvaged	20	770940	20	0.1	2001-09-06	2001-09-06	0	0			ONE-SHOT	ONE-SHOT:15, CHOP:3, SAMPLE-SHORT:2	AIFF:20	0
salvaged midifiles	2	16642	2	0.0	2001-09-06	2001-09-06	0	0			ONE-SHOT	ONE-SHOT:2	RAW-PCM:2	2
sample cell	9	5691040	9	0.6	1995-09-25	1995-09-25	0	0		samples	SAMPLE-SHORT	SAMPLE-SHORT:8, LOOP:1	AIFF:9	0
sc-tom Folder	23	10068755	11	0.3	1996-09-27	2010-01-10	0	0			CACHE	CACHE:10, DRUM-ONESHOT:5, ONE-SHOT:5, BROKEN:1, SAMPLE:1, DOCUMENT:1	NON-AUDIO:11, WAV:8, AIFF:3, EMPTY:1	1
sequential_circuits	43	4295636	43	0.4	2008-01-09	2008-01-09	3	1			ONE-SHOT	ONE-SHOT:24, DRUM-ONESHOT:8, CHOP:8, SAMPLE-SHORT:3	WAV-float32:43	0
serge_modular	11	1010744	11	0.1	2008-01-09	2008-01-09	0	0			ONE-SHOT	ONE-SHOT:9, SAMPLE-SHORT:2	WAV-float32:11	0
set_02 bits	82	58755081	51	0.0	2005-07-17	2010-06-12	0	0			UNKNOWN	UNKNOWN:50, CACHE:31, ONE-SHOT:1	AIFF:50, NON-AUDIO:31, RAW-PCM:1	1
shining sun project	51	33775499	49	3.4	2004-01-03	2004-11-25	3	1			ONE-SHOT	ONE-SHOT:26, SAMPLE:8, SAMPLE-SHORT:8, DRUM-ONESHOT:2, CACHE:2, CHOP:2	WAV:35, RAW-PCM:8, AIFF:6, NON-AUDIO:2	8
siel_mpd40	10	219176	10	0.0	2008-01-09	2008-01-09	0	0			DRUM-ONESHOT	DRUM-ONESHOT:9, ONE-SHOT:1	WAV-float32:10	0
simmons	125	12898410	125	1.2	2008-01-09	2008-01-09	4	1	Simmons		DRUM-ONESHOT	DRUM-ONESHOT:117, CHOP:8	WAV-float32:125	0
snares	14	1577800	14	0.5	1995-07-30	2002-12-01	0	0			DRUM-ONESHOT	DRUM-ONESHOT:8, ONE-SHOT:4, SAMPLE:1, SAMPLE-SHORT:1	AIFF:9, RAW-PCM:4, MP3:1	5
songs	3	143377273	2	8.9	2007-12-02	2007-12-08	0	0			SONG?	SONG?:2, CACHE:1	WAV:2, NON-AUDIO:1	0
sonor_mini_mammut	16	1011206	16	0.3	2008-01-09	2008-01-09	0	0			CHOP	CHOP:15, ONE-SHOT:1	WAV:16	0
sound_master-memory_rhythmsr88	7	1181576	7	0.1	2008-01-09	2008-01-09	0	0			DRUM-ONESHOT	DRUM-ONESHOT:2, SAMPLE-SHORT:2, ONE-SHOT:2, LOOP:1	WAV-float32:7	0
sound_renders	18	412346678	9	25.9	2010-03-16	2010-04-30	0	0		renders	CACHE	CACHE:8, SONG:5, SAMPLE:2, UNKNOWN:1, SAMPLE-SHORT:1, SECTION-BED:1	NON-AUDIO:9, AIFF:8, RAW-PCM:1	1
sounds from the south	7	113537546	7	11.5	2001-12-10	2002-12-24	0	0			SAMPLE	SAMPLE:3, SAMPLE-SHORT:1, SECTION-BED:1, SONG?:1, LONG-SESSION:1	AIFF:7	0
soundz	2	2217244	2	0.2	2001-08-13	2001-08-13	0	0			SAMPLE-SHORT	SAMPLE-SHORT:1, TONAL-HIT:1	AIFF:2	0
sp_12_tape	38	18759413	33	0.0	2011-03-08	2011-04-07	0	0			UNKNOWN	UNKNOWN:33, CACHE:5	AIFF:33, NON-AUDIO:5	0
space 1999	55	64079422	48	10.1	2001-09-06	2004-06-15	0	0			SAMPLE-SHORT	SAMPLE-SHORT:13, SAMPLE:12, ONE-SHOT:11, CACHE:6, SECTION-BED:5, SYNTH-STAB:2	AIFF:45, NON-AUDIO:6, RAW-PCM:3, EMPTY:1	4
space fragments	72	1126200	71	0.2	2001-09-06	2018-04-06	1	1			ONE-SHOT	ONE-SHOT:56, CHOP:15, UNKNOWN:1	AIFF:71, NON-AUDIO:1	0
space kit samples	45	2056872	23	0.3	2001-09-04	2002-04-04	0	0		kit	CACHE	CACHE:22, DRUM-ONESHOT:19, LOOP:2, SAMPLE-SHORT:2	AIFF:23, NON-AUDIO:22	0
speakConverts	100	408687900	90	43.2	2001-04-17	2018-04-06	5	1			CHOP	CHOP:35, SAMPLE:23, SAMPLE-SHORT:13, SECTION-BED:10, CACHE:8, SONG?:6	RAW-PCM:45, AIFF:44, NON-AUDIO:9, EMPTY:1, MP3:1	47
stargate	15	31440846	14	3.0	1995-05-29	1997-02-23	0	0			SAMPLE	SAMPLE:6, SAMPLE-SHORT:4, SECTION-BED:2, ONE-SHOT:1, LOOP:1, BROKEN:1	AIFF:14, EMPTY:1	1
stretches	8	20612291	5	1.3	2009-04-13	2009-09-01	0	0			CACHE	CACHE:3, ONE-SHOT:2, SAMPLE:2, SECTION-BED:1	AIFF:4, NON-AUDIO:3, RAW-PCM:1	1
sun setting Project	160	1607773933	146	210.4	2004-05-25	2022-01-30	5	1			ONE-SHOT	ONE-SHOT:40, SONG?:30, SECTION-BED:21, SAMPLE-SHORT:20, SAMPLE:16, CACHE:10	RAW-PCM:109, MP3:19, AIFF:18, NON-AUDIO:11, EMPTY:3	131
sundayDayLiveSet Sounds	61	58306960	40	6.2	1999-06-07	2009-09-07	0	0			CACHE	CACHE:21, SAMPLE-SHORT:17, ONE-SHOT:9, SAMPLE:4, LOOP:3, PAD-BED:2	AIFF:36, NON-AUDIO:21, WAV:4	0
sunday_live_set	49	82691271	39	5.8	2005-03-19	2008-05-01	0	0			SAMPLE-SHORT	SAMPLE-SHORT:18, ONE-SHOT:12, CACHE:9, SAMPLE:3, PAD-BED:2, SECTION-BED:1	AIFF:39, NON-AUDIO:9, EMPTY:1	1
suzuki_rpm40	10	238504	10	0.0	2008-01-09	2008-01-09	0	0			DRUM-ONESHOT	DRUM-ONESHOT:9, ONE-SHOT:1	WAV-float32:10	0
sv audio files	8	45550783	7	4.3	1996-04-27	1996-05-16	0	0			SAMPLE-SHORT	SAMPLE-SHORT:5, SONG?:1, BROKEN:1, ONE-SHOT:1	AIFF:6, EMPTY:1, RAW-PCM:1	2
synth_like	2	164891	1	0.0	2002-04-14	2002-04-14	0	0			ONE-SHOT	ONE-SHOT:1, CACHE:1	AIFF:1, NON-AUDIO:1	0
systems_loops	11	14278720	7	0.9	2006-08-18	2009-09-07	0	0		loops	CHOP	CHOP:6, CACHE:3, SAMPLE-SHORT:1, BROKEN:1	AIFF:7, NON-AUDIO:3, EMPTY:1	1
t_bits	32	1665708	16	0.0	2012-04-18	2012-04-20	0	0			UNKNOWN	UNKNOWN:16, CACHE:16	AIFF:16, NON-AUDIO:16	0
takes-and-sketches	202	16539354425	148	1263.0	2000-03-21	2017-11-14	0	0		sessions	LONG-SESSION	LONG-SESSION:92, CACHE:54, SESSION-TAKE:33, SAMPLE:11, SECTION-BED:6, SYNTH-STAB:5	AIFF:131, NON-AUDIO:54, WAV:10, RAW-PCM:4, AIFC:sowt:2	5
tape-drums	11	186068908	10	11.7	2011-03-08	2011-11-10	0	0			SECTION-BED	SECTION-BED:5, SONG?:3, SAMPLE:2, UNKNOWN:1	AIFF:10, NON-AUDIO:1	0
tape_edits	43	4024939	22	0.3	2011-03-13	2012-05-25	0	0		edits	CACHE	CACHE:21, CHOP:12, ONE-SHOT:9, SAMPLE-SHORT:1	AIFF:22, NON-AUDIO:21	0
testPerformance	28	7862688	27	0.8	2002-07-16	2002-07-25	1	1			DRUM-ONESHOT	DRUM-ONESHOT:22, SAMPLE-SHORT:2, SAMPLE:2, LOOP:1, BROKEN:1	AIFF:22, RAW-PCM:5, EMPTY:1	6
the cosmic monsters	17	12687299	10	2.4	1995-05-29	2008-04-24	0	0			CACHE	CACHE:6, SAMPLE-SHORT:5, ONE-SHOT:3, BROKEN:1, SONG?:1, SAMPLE:1	AIFF:10, NON-AUDIO:6, EMPTY:1	1
the illustrated man	34	31610616	17	3.7	1997-03-15	2010-03-14	0	0			CACHE	CACHE:17, SAMPLE-SHORT:7, SAMPLE:3, ONE-SHOT:2, SECTION-BED:2, VOCAL:2	NON-AUDIO:17, AIFF:12, RAW-PCM:5	5
the return of the live Sounds	19	4359478	13	0.5	2001-07-31	2004-11-24	0	0			SAMPLE-SHORT	SAMPLE-SHORT:7, CACHE:6, LOOP:4, ONE-SHOT:1, SAMPLE:1	AIFF:13, NON-AUDIO:6	0
thonk'd things	7	74584880	4	7.0	2000-03-21	2009-09-13	0	0			CACHE	CACHE:3, SONG?:2, SECTION-BED:1, SAMPLE:1	AIFF:4, NON-AUDIO:3	0
throbbing parts	6	6346764	3	0.4	2006-08-10	2007-02-04	0	0			SAMPLE-SHORT	SAMPLE-SHORT:3, CACHE:3	AIFF:3, NON-AUDIO:3	0
thwak +	44	541576295	43	67.6	1999-06-18	2022-01-30	2	1			SONG?	SONG?:14, CHOP:14, STEM:7, SAMPLE-SHORT:5, SECTION-BED:2, UNKNOWN:1	AIFF:42, NON-AUDIO:1, RAW-PCM:1	1
to be mastered	11	990653290	11	88.8	2009-01-07	2011-06-24	0	0		masters	SONG	SONG:11	WAV:7, AIFF:4	0
tr 505	1	28575850	1	2.7	1998-09-22	1998-09-22	0	0	TR-505		SONG?	SONG?:1	AIFF:1	0
tr 606 +	32	1365808	16	0.3	2003-02-07	2010-01-10	0	0	TR-606		CACHE	CACHE:16, DRUM-ONESHOT:10, SAMPLE-SHORT:4, CHOP:2	NON-AUDIO:16, RAW-PCM:12, MP3:4	16
tr 707	7	22159863	6	2.1	1998-09-22	2010-01-10	1	1	TR-707		DRUM-ONESHOT	DRUM-ONESHOT:5, SONG?:1, CACHE:1	AIFF:6, NON-AUDIO:1	0
tr 727	2	23914193	1	2.2	1998-09-22	2010-01-10	0	0	TR-727		SONG?	SONG?:1, CACHE:1	AIFF:1, NON-AUDIO:1	0
tr 808	64	2156936	40	0.4	1999-03-21	2005-06-21	0	0	TR-808		DRUM-ONESHOT	DRUM-ONESHOT:32, CACHE:24, SAMPLE-SHORT:8	WAV:40, NON-AUDIO:24	0
tr 909	0	0	0	0.0			0	0	TR-909					0
tr606kit Folder	34	708402	16	0.1	1988-03-29	2006-05-13	0	0			CACHE	CACHE:17, ONE-SHOT:12, CHOP:2, SAMPLE-SHORT:2, BROKEN:1	NON-AUDIO:17, WAV:16, EMPTY:1	1
track #3	1	17329	1	0.0	2001-09-08	2001-09-08	0	0			ONE-SHOT	ONE-SHOT:1	RAW-PCM:1	1
transelectronic	33	15637491	32	1.5	2009-09-05	2010-06-15	2	1			ONE-SHOT	ONE-SHOT:23, SAMPLE-SHORT:3, TONAL-HIT:3, UNKNOWN:1, SECTION-BED:1, DRUM-ONESHOT:1	RAW-PCM:32, NON-AUDIO:1	32
trash kit one	11	327871	7	0.1	1996-01-14	2010-01-10	0	0		kit	DRUM-ONESHOT	DRUM-ONESHOT:7, CACHE:3, BROKEN:1	AIFF:7, NON-AUDIO:3, EMPTY:1	1
understar_archive	24	1315277627	19	95.0	2003-07-20	2009-09-05	1	1			LONG-SESSION	LONG-SESSION:7, SONG:5, SONG?:5, CACHE:3, ONE-SHOT:2, UNKNOWN:1	AIFF:13, RAW-PCM:6, NON-AUDIO:4, EMPTY:1	7
univox_micro-rhythmer12	8	604404	8	0.1	2008-01-09	2008-01-09	0	0			ONE-SHOT	ONE-SHOT:6, CHOP:2	WAV-float32:8	0
vSampInstruments	17	54336	9	0.0	2001-04-13	2002-04-07	0	0			ONE-SHOT	ONE-SHOT:9, CACHE:7, BROKEN:1	AIFF:8, NON-AUDIO:7, RAW-PCM:1, EMPTY:1	2
vermona_drum	12	2334672	12	0.2	2008-01-09	2008-01-09	0	0			DRUM-ONESHOT	DRUM-ONESHOT:11, ONE-SHOT:1	WAV-float32:12	0
vermona_er-9	9	1516020	9	0.1	2008-01-09	2008-01-09	0	0			CHOP	CHOP:9	WAV-float32:9	0
video game sounds - assorted and procd	209	488602979	188	47.3	2003-01-09	2004-11-24	3	2			ONE-SHOT	ONE-SHOT:48, SAMPLE-SHORT:43, SAMPLE:24, CHOP:22, CACHE:21, SECTION-BED:16	AIFF:178, NON-AUDIO:21, RAW-PCM:10	10
video game whole record files	5	28906492	5	2.7	2003-01-09	2003-01-09	0	0			SAMPLE	SAMPLE:3, SECTION-BED:2	RAW-PCM:5	5
vietnam pirate radio	54	28713222	53	45.8	1997-10-01	2010-01-14	0	0			SECTION-BED	SECTION-BED:24, CHOP:13, SAMPLE:8, SONG?:7, CACHE:1, ONE-SHOT:1	WAV:47, WAV-comp2:5, NON-AUDIO:1, RAW-PCM:1	1
vintage hi hats	57	1470142	44	0.3	2003-02-11	2010-01-10	0	0			DRUM-ONESHOT	DRUM-ONESHOT:35, CACHE:13, ONE-SHOT:6, SAMPLE-SHORT:3	AIFF:44, NON-AUDIO:13	0
vintage percussion	36	3295388	20	0.3	2003-02-11	2010-12-16	0	0			CACHE	CACHE:16, DRUM-ONESHOT:12, ONE-SHOT:4, SAMPLE-SHORT:2, SAMPLE:1, DRUM-HIT-LONG:1	AIFF:20, NON-AUDIO:16	0
virtual_mpc_electronics	7	691484	7	0.1	2008-01-09	2008-01-09	0	0			DRUM-ONESHOT	DRUM-ONESHOT:5, ONE-SHOT:2	WAV-float32:7	0
visco_space_drums	15	2907128	15	0.3	2008-01-09	2008-01-09	0	0			DRUM-ONESHOT	DRUM-ONESHOT:9, ONE-SHOT:5, FX:1	WAV-float32:15	0
vocieover	2	26828570	2	2.5	2004-04-11	2004-06-15	0	0			ONE-SHOT	ONE-SHOT:1, SONG?:1	RAW-PCM:1, AIFF:1	1
vox_drumbox	10	2287504	10	0.2	2008-01-09	2008-01-09	0	0			DRUM-ONESHOT	DRUM-ONESHOT:9, ONE-SHOT:1	WAV-float32:10	0
voxin	79	30138302	75	4.5	1995-10-02	2010-01-14	0	0			CHOP	CHOP:25, SAMPLE-SHORT:11, ONE-SHOT:10, DRUM-ONESHOT:10, VOCAL:9, LOOP:6	AIFF:75, NON-AUDIO:4	0
voxy	216	9079790	160	0.0	2012-04-18	2012-04-20	0	0			UNKNOWN	UNKNOWN:160, CACHE:56	AIFF:160, NON-AUDIO:56	0
watford_electronic_drumbox	6	296276	6	0.0	2008-01-09	2008-01-09	0	0			ONE-SHOT	ONE-SHOT:6	WAV-float32:6	0
wersi_wm24	12	1888584	12	0.2	2008-01-09	2008-01-09	0	0			DRUM-ONESHOT	DRUM-ONESHOT:12	WAV-float32:12	0
whole_parts	2	92803196	2	5.8	2011-03-13	2011-03-13	0	0			SONG?	SONG?:2	AIFF:2	0
workingWith	7	2554968	7	0.3	2002-05-09	2003-04-02	1	1			ONE-SHOT	ONE-SHOT:3, SAMPLE-SHORT:3, SYNTH-STAB:1	AIFF:5, RAW-PCM:2	2
wurlitzer_swinging_rhythm	9	1810984	9	0.2	2008-01-09	2008-01-09	0	0			DRUM-ONESHOT	DRUM-ONESHOT:7, ONE-SHOT:2	WAV-float32:9	0
x-mas greeting	5	21264328	5	2.1	1995-07-31	1995-12-25	0	0			SAMPLE-SHORT	SAMPLE-SHORT:2, SECTION-BED:2, SAMPLE:1	AIFF:5	0
xe8	32	4920636	32	0.4	2008-01-09	2008-01-09	0	0			DRUM-ONESHOT	DRUM-ONESHOT:26, ONE-SHOT:4, SAMPLE-SHORT:1, DRUM-HIT-LONG:1	WAV-float32:32	0
yamaha	757	81378520	746	8.0	1998-09-22	2010-12-16	27	2			ONE-SHOT	ONE-SHOT:396, CHOP:295, DRUM-ONESHOT:42, SAMPLE-SHORT:11, CACHE:7, UNKNOWN:3	WAV-float32:485, WAV:251, NON-AUDIO:11, AIFF:10	0
yasume extracted	421	520066729	344	50.2	2004-03-15	2005-06-06	4	1			ONE-SHOT	ONE-SHOT:250, CACHE:77, SECTION-BED:20, SAMPLE:20, CHOP:17, DRUM-ONESHOT:16	AIFF:343, NON-AUDIO:77, RAW-PCM:1	1
yeah	25	23548494	24	3.5	2003-03-12	2018-04-06	0	0			SAMPLE-SHORT	SAMPLE-SHORT:20, UNKNOWN:1, SONG?:1, ONE-SHOT:1, SECTION-BED:1, SAMPLE:1	AIFF:24, NON-AUDIO:1	0
yonkers	222	1409384454	189	145.0	2003-12-02	2005-06-06	1	1			SAMPLE	SAMPLE:45, SECTION-BED:42, SAMPLE-SHORT:32, CACHE:32, SONG?:28, CHOP:18	AIFF:143, RAW-PCM:43, NON-AUDIO:32, MP3:3, EMPTY:1	47
zanzahbahr	5	30128394	5	3.0	2002-10-20	2002-10-20	0	0			SAMPLE-SHORT	SAMPLE-SHORT:2, LOOP:1, SAMPLE:1, SONG?:1	AIFF:4, RAW-PCM:1	1
zms-axxe1	28	2302453	15	0.5	1998-10-23	2009-10-07	0	0			CHOP	CHOP:15, CACHE:12, DOCUMENT:1	WAV:15, NON-AUDIO:13	0
zms-d4fx.zip Folder	29	799292	28	0.2	1998-10-23	2000-10-16	0	0			CHOP	CHOP:14, ONE-SHOT:14, DOCUMENT:1	WAV:28, NON-AUDIO:1	0
zms-ddr30	42	831230	24	0.1	1997-06-08	2009-10-07	0	0			CACHE	CACHE:17, ONE-SHOT:14, CHOP:10, DOCUMENT:1	WAV:24, NON-AUDIO:18	0
zms-dr220	12	448760	11	0.1	1997-06-13	2000-10-16	0	0			CHOP	CHOP:6, ONE-SHOT:5, DOCUMENT:1	WAV:11, NON-AUDIO:1	0
zms-ex7ba	10	1039998	10	0.2	2000-10-22	2000-10-22	0	0			CHOP	CHOP:10	WAV:10	0
zms-gabs	21	777760	20	0.1	1997-06-11	2000-10-16	0	0			CHOP	CHOP:12, ONE-SHOT:8, DOCUMENT:1	WAV:20, NON-AUDIO:1	0
zms-intcom	36	993484	29	0.2	1997-06-12	2008-05-07	0	0			ONE-SHOT	ONE-SHOT:15, CHOP:14, CACHE:6, DOCUMENT:1	WAV:29, NON-AUDIO:7	0
zms-k1	19	782678	18	0.2	1998-10-23	2000-10-16	0	0			CHOP	CHOP:15, ONE-SHOT:3, DOCUMENT:1	WAV:18, NON-AUDIO:1	0
zms-kpr77	9	293212	8	0.1	1997-06-13	2000-10-16	0	0			CHOP	CHOP:4, ONE-SHOT:4, DOCUMENT:1	WAV:8, NON-AUDIO:1	0
zms-mars	15	762116	14	0.2	1998-10-23	2000-10-16	0	0			CHOP	CHOP:13, ONE-SHOT:1, DOCUMENT:1	WAV:14, NON-AUDIO:1	0
zms-prodigy1	22	1936238	21	0.4	1998-10-23	2000-10-16	0	0			CHOP	CHOP:19, ONE-SHOT:2, DOCUMENT:1	WAV:21, NON-AUDIO:1	0
zms-sid	115	2697448	114	0.5	1999-03-31	2000-10-16	0	0			ONE-SHOT	ONE-SHOT:80, CHOP:31, DRUM-ONESHOT:2, DOCUMENT:1, SAMPLE-SHORT:1	WAV:114, NON-AUDIO:1	0
zms-sk1	30	1018842	29	0.2	1998-11-21	2000-10-16	0	0			ONE-SHOT	ONE-SHOT:29, DOCUMENT:1	WAV:29, NON-AUDIO:1	0
zms-spasm	17	814800	16	0.2	1997-06-08	2000-10-16	0	0			CHOP	CHOP:16, DOCUMENT:1	WAV:16, NON-AUDIO:1	0
zms-sy35	22	647226	21	0.1	1998-10-23	2000-10-16	0	0			CHOP	CHOP:11, ONE-SHOT:10, DOCUMENT:1	WAV:21, NON-AUDIO:1	0
